iso3,country,area,fuel,per_capita_tons
AFG,Afghanistan,Urban,Biomass,0.66
AFG,Afghanistan,Urban,Charcoal,0.26
AFG,Afghanistan,Urban,Coal,0.33
AFG,Afghanistan,Urban,Electricity,0.09
AFG,Afghanistan,Urban,Gas,0.43
AFG,Afghanistan,Urban,Kerosene,0.3
AFG,Afghanistan,Urban,Total Clean,0.47
AFG,Afghanistan,Urban,Total Polluting,0.61
AFG,Afghanistan,Rural,Biomass,0.83
AFG,Afghanistan,Rural,Charcoal,0.3
AFG,Afghanistan,Rural,Coal,0.4
AFG,Afghanistan,Rural,Electricity,0.06
AFG,Afghanistan,Rural,Gas,0.34
AFG,Afghanistan,Rural,Kerosene,0.33
AFG,Afghanistan,Rural,Total Clean,0.35
AFG,Afghanistan,Rural,Total Polluting,0.74
AGO,Angola,Urban,Biomass,0.66
AGO,Angola,Urban,Charcoal,0.26
AGO,Angola,Urban,Coal,0.33
AGO,Angola,Urban,Electricity,0.09
AGO,Angola,Urban,Gas,0.42
AGO,Angola,Urban,Kerosene,0.3
AGO,Angola,Urban,Total Clean,0.47
AGO,Angola,Urban,Total Polluting,0.61
AGO,Angola,Rural,Biomass,0.83
AGO,Angola,Rural,Charcoal,0.3
AGO,Angola,Rural,Coal,0.4
AGO,Angola,Rural,Electricity,0.06
AGO,Angola,Rural,Gas,0.34
AGO,Angola,Rural,Kerosene,0.33
AGO,Angola,Rural,Total Clean,0.35
AGO,Angola,Rural,Total Polluting,0.74
ALB,Albania,Urban,Biomass,0.75
ALB,Albania,Urban,Charcoal,0.3
ALB,Albania,Urban,Coal,0.37
ALB,Albania,Urban,Electricity,0.11
ALB,Albania,Urban,Gas,0.48
ALB,Albania,Urban,Kerosene,0.34
ALB,Albania,Urban,Total Clean,0.53
ALB,Albania,Urban,Total Polluting,0.7
ALB,Albania,Rural,Biomass,0.94
ALB,Albania,Rural,Charcoal,0.34
ALB,Albania,Rural,Coal,0.45
ALB,Albania,Rural,Electricity,0.06
ALB,Albania,Rural,Gas,0.39
ALB,Albania,Rural,Kerosene,0.38
ALB,Albania,Rural,Total Clean,0.4
ALB,Albania,Rural,Total Polluting,0.83
ARG,Argentina,Urban,Biomass,0.67
ARG,Argentina,Urban,Charcoal,0.27
ARG,Argentina,Urban,Coal,0.34
ARG,Argentina,Urban,Electricity,0.1
ARG,Argentina,Urban,Gas,0.43
ARG,Argentina,Urban,Kerosene,0.31
ARG,Argentina,Urban,Total Clean,0.48
ARG,Argentina,Urban,Total Polluting,0.62
ARG,Argentina,Rural,Biomass,0.84
ARG,Argentina,Rural,Charcoal,0.31
ARG,Argentina,Rural,Coal,0.4
ARG,Argentina,Rural,Electricity,0.06
ARG,Argentina,Rural,Gas,0.35
ARG,Argentina,Rural,Kerosene,0.34
ARG,Argentina,Rural,Total Clean,0.36
ARG,Argentina,Rural,Total Polluting,0.75
ARM,Armenia,Urban,Biomass,0.66
ARM,Armenia,Urban,Charcoal,0.26
ARM,Armenia,Urban,Coal,0.33
ARM,Armenia,Urban,Electricity,0.09
ARM,Armenia,Urban,Gas,0.42
ARM,Armenia,Urban,Kerosene,0.3
ARM,Armenia,Urban,Total Clean,0.47
ARM,Armenia,Urban,Total Polluting,0.61
ARM,Armenia,Rural,Biomass,0.82
ARM,Armenia,Rural,Charcoal,0.3
ARM,Armenia,Rural,Coal,0.39
ARM,Armenia,Rural,Electricity,0.06
ARM,Armenia,Rural,Gas,0.34
ARM,Armenia,Rural,Kerosene,0.33
ARM,Armenia,Rural,Total Clean,0.35
ARM,Armenia,Rural,Total Polluting,0.73
AZE,Azerbaijan,Urban,Biomass,0.75
AZE,Azerbaijan,Urban,Charcoal,0.3
AZE,Azerbaijan,Urban,Coal,0.38
AZE,Azerbaijan,Urban,Electricity,0.11
AZE,Azerbaijan,Urban,Gas,0.48
AZE,Azerbaijan,Urban,Kerosene,0.34
AZE,Azerbaijan,Urban,Total Clean,0.54
AZE,Azerbaijan,Urban,Total Polluting,0.7
AZE,Azerbaijan,Rural,Biomass,0.94
AZE,Azerbaijan,Rural,Charcoal,0.35
AZE,Azerbaijan,Rural,Coal,0.45
AZE,Azerbaijan,Rural,Electricity,0.06
AZE,Azerbaijan,Rural,Gas,0.39
AZE,Azerbaijan,Rural,Kerosene,0.38
AZE,Azerbaijan,Rural,Total Clean,0.4
AZE,Azerbaijan,Rural,Total Polluting,0.84
BDI,Burundi,Urban,Biomass,0.7
BDI,Burundi,Urban,Charcoal,0.28
BDI,Burundi,Urban,Coal,0.35
BDI,Burundi,Urban,Electricity,0.1
BDI,Burundi,Urban,Gas,0.45
BDI,Burundi,Urban,Kerosene,0.32
BDI,Burundi,Urban,Total Clean,0.5
BDI,Burundi,Urban,Total Polluting,0.65
BDI,Burundi,Rural,Biomass,0.88
BDI,Burundi,Rural,Charcoal,0.32
BDI,Burundi,Rural,Coal,0.42
BDI,Burundi,Rural,Electricity,0.06
BDI,Burundi,Rural,Gas,0.36
BDI,Burundi,Rural,Kerosene,0.35
BDI,Burundi,Rural,Total Clean,0.38
BDI,Burundi,Rural,Total Polluting,0.78
BEN,Benin,Urban,Biomass,0.63
BEN,Benin,Urban,Charcoal,0.25
BEN,Benin,Urban,Coal,0.32
BEN,Benin,Urban,Electricity,0.09
BEN,Benin,Urban,Gas,0.41
BEN,Benin,Urban,Kerosene,0.29
BEN,Benin,Urban,Total Clean,0.45
BEN,Benin,Urban,Total Polluting,0.59
BEN,Benin,Rural,Biomass,0.79
BEN,Benin,Rural,Charcoal,0.29
BEN,Benin,Rural,Coal,0.38
BEN,Benin,Rural,Electricity,0.05
BEN,Benin,Rural,Gas,0.32
BEN,Benin,Rural,Kerosene,0.32
BEN,Benin,Rural,Total Clean,0.34
BEN,Benin,Rural,Total Polluting,0.7
BFA,Burkina Faso,Urban,Biomass,0.73
BFA,Burkina Faso,Urban,Charcoal,0.29
BFA,Burkina Faso,Urban,Coal,0.36
BFA,Burkina Faso,Urban,Electricity,0.1
BFA,Burkina Faso,Urban,Gas,0.47
BFA,Burkina Faso,Urban,Kerosene,0.33
BFA,Burkina Faso,Urban,Total Clean,0.52
BFA,Burkina Faso,Urban,Total Polluting,0.68
BFA,Burkina Faso,Rural,Biomass,0.91
BFA,Burkina Faso,Rural,Charcoal,0.34
BFA,Burkina Faso,Rural,Coal,0.44
BFA,Burkina Faso,Rural,Electricity,0.06
BFA,Burkina Faso,Rural,Gas,0.38
BFA,Burkina Faso,Rural,Kerosene,0.37
BFA,Burkina Faso,Rural,Total Clean,0.39
BFA,Burkina Faso,Rural,Total Polluting,0.81
BGD,Bangladesh,Urban,Biomass,0.67
BGD,Bangladesh,Urban,Charcoal,0.27
BGD,Bangladesh,Urban,Coal,0.33
BGD,Bangladesh,Urban,Electricity,0.1
BGD,Bangladesh,Urban,Gas,0.43
BGD,Bangladesh,Urban,Kerosene,0.3
BGD,Bangladesh,Urban,Total Clean,0.48
BGD,Bangladesh,Urban,Total Polluting,0.62
BGD,Bangladesh,Rural,Biomass,0.83
BGD,Bangladesh,Rural,Charcoal,0.31
BGD,Bangladesh,Rural,Coal,0.4
BGD,Bangladesh,Rural,Electricity,0.06
BGD,Bangladesh,Rural,Gas,0.34
BGD,Bangladesh,Rural,Kerosene,0.33
BGD,Bangladesh,Rural,Total Clean,0.36
BGD,Bangladesh,Rural,Total Polluting,0.74
BIH,Bosnia and Herzegovina,Urban,Biomass,0.73
BIH,Bosnia and Herzegovina,Urban,Charcoal,0.29
BIH,Bosnia and Herzegovina,Urban,Coal,0.37
BIH,Bosnia and Herzegovina,Urban,Electricity,0.1
BIH,Bosnia and Herzegovina,Urban,Gas,0.47
BIH,Bosnia and Herzegovina,Urban,Kerosene,0.33
BIH,Bosnia and Herzegovina,Urban,Total Clean,0.52
BIH,Bosnia and Herzegovina,Urban,Total Polluting,0.68
BIH,Bosnia and Herzegovina,Rural,Biomass,0.92
BIH,Bosnia and Herzegovina,Rural,Charcoal,0.34
BIH,Bosnia and Herzegovina,Rural,Coal,0.44
BIH,Bosnia and Herzegovina,Rural,Electricity,0.06
BIH,Bosnia and Herzegovina,Rural,Gas,0.38
BIH,Bosnia and Herzegovina,Rural,Kerosene,0.37
BIH,Bosnia and Herzegovina,Rural,Total Clean,0.39
BIH,Bosnia and Herzegovina,Rural,Total Polluting,0.82
BLR,Belarus,Urban,Biomass,0.68
BLR,Belarus,Urban,Charcoal,0.27
BLR,Belarus,Urban,Coal,0.34
BLR,Belarus,Urban,Electricity,0.1
BLR,Belarus,Urban,Gas,0.44
BLR,Belarus,Urban,Kerosene,0.31
BLR,Belarus,Urban,Total Clean,0.49
BLR,Belarus,Urban,Total Polluting,0.63
BLR,Belarus,Rural,Biomass,0.85
BLR,Belarus,Rural,Charcoal,0.31
BLR,Belarus,Rural,Coal,0.41
BLR,Belarus,Rural,Electricity,0.06
BLR,Belarus,Rural,Gas,0.35
BLR,Belarus,Rural,Kerosene,0.34
BLR,Belarus,Rural,Total Clean,0.37
BLR,Belarus,Rural,Total Polluting,0.76
BLZ,Belize,Urban,Biomass,0.74
BLZ,Belize,Urban,Charcoal,0.3
BLZ,Belize,Urban,Coal,0.37
BLZ,Belize,Urban,Electricity,0.11
BLZ,Belize,Urban,Gas,0.48
BLZ,Belize,Urban,Kerosene,0.34
BLZ,Belize,Urban,Total Clean,0.53
BLZ,Belize,Urban,Total Polluting,0.69
BLZ,Belize,Rural,Biomass,0.93
BLZ,Belize,Rural,Charcoal,0.34
BLZ,Belize,Rural,Coal,0.45
BLZ,Belize,Rural,Electricity,0.06
BLZ,Belize,Rural,Gas,0.38
BLZ,Belize,Rural,Kerosene,0.37
BLZ,Belize,Rural,Total Clean,0.4
BLZ,Belize,Rural,Total Polluting,0.83
BOL,Bolivia (Plurinational State of),Urban,Biomass,0.67
BOL,Bolivia (Plurinational State of),Urban,Charcoal,0.27
BOL,Bolivia (Plurinational State of),Urban,Coal,0.34
BOL,Bolivia (Plurinational State of),Urban,Electricity,0.1
BOL,Bolivia (Plurinational State of),Urban,Gas,0.43
BOL,Bolivia (Plurinational State of),Urban,Kerosene,0.31
BOL,Bolivia (Plurinational State of),Urban,Total Clean,0.48
BOL,Bolivia (Plurinational State of),Urban,Total Polluting,0.62
BOL,Bolivia (Plurinational State of),Rural,Biomass,0.84
BOL,Bolivia (Plurinational State of),Rural,Charcoal,0.31
BOL,Bolivia (Plurinational State of),Rural,Coal,0.4
BOL,Bolivia (Plurinational State of),Rural,Electricity,0.06
BOL,Bolivia (Plurinational State of),Rural,Gas,0.34
BOL,Bolivia (Plurinational State of),Rural,Kerosene,0.34
BOL,Bolivia (Plurinational State of),Rural,Total Clean,0.36
BOL,Bolivia (Plurinational State of),Rural,Total Polluting,0.75
BRA,Brazil,Urban,Biomass,0.72
BRA,Brazil,Urban,Charcoal,0.29
BRA,Brazil,Urban,Coal,0.36
BRA,Brazil,Urban,Electricity,0.1
BRA,Brazil,Urban,Gas,0.46
BRA,Brazil,Urban,Kerosene,0.33
BRA,Brazil,Urban,Total Clean,0.51
BRA,Brazil,Urban,Total Polluting,0.67
BRA,Brazil,Rural,Biomass,0.9
BRA,Brazil,Rural,Charcoal,0.33
BRA,Brazil,Rural,Coal,0.43
BRA,Brazil,Rural,Electricity,0.06
BRA,Brazil,Rural,Gas,0.37
BRA,Brazil,Rural,Kerosene,0.36
BRA,Brazil,Rural,Total Clean,0.39
BRA,Brazil,Rural,Total Polluting,0.8
BTN,Bhutan,Urban,Biomass,0.74
BTN,Bhutan,Urban,Charcoal,0.29
BTN,Bhutan,Urban,Coal,0.37
BTN,Bhutan,Urban,Electricity,0.11
BTN,Bhutan,Urban,Gas,0.47
BTN,Bhutan,Urban,Kerosene,0.34
BTN,Bhutan,Urban,Total Clean,0.53
BTN,Bhutan,Urban,Total Polluting,0.68
BTN,Bhutan,Rural,Biomass,0.92
BTN,Bhutan,Rural,Charcoal,0.34
BTN,Bhutan,Rural,Coal,0.44
BTN,Bhutan,Rural,Electricity,0.06
BTN,Bhutan,Rural,Gas,0.38
BTN,Bhutan,Rural,Kerosene,0.37
BTN,Bhutan,Rural,Total Clean,0.39
BTN,Bhutan,Rural,Total Polluting,0.82
BWA,Botswana,Urban,Biomass,0.64
BWA,Botswana,Urban,Charcoal,0.26
BWA,Botswana,Urban,Coal,0.32
BWA,Botswana,Urban,Electricity,0.09
BWA,Botswana,Urban,Gas,0.41
BWA,Botswana,Urban,Kerosene,0.29
BWA,Botswana,Urban,Total Clean,0.46
BWA,Botswana,Urban,Total Polluting,0.6
BWA,Botswana,Rural,Biomass,0.8
BWA,Botswana,Rural,Charcoal,0.3
BWA,Botswana,Rural,Coal,0.39
BWA,Botswana,Rural,Electricity,0.06
BWA,Botswana,Rural,Gas,0.33
BWA,Botswana,Rural,Kerosene,0.32
BWA,Botswana,Rural,Total Clean,0.34
BWA,Botswana,Rural,Total Polluting,0.72
CAF,Central African Republic,Urban,Biomass,0.64
CAF,Central African Republic,Urban,Charcoal,0.26
CAF,Central African Republic,Urban,Coal,0.32
CAF,Central African Republic,Urban,Electricity,0.09
CAF,Central African Republic,Urban,Gas,0.41
CAF,Central African Republic,Urban,Kerosene,0.29
CAF,Central African Republic,Urban,Total Clean,0.46
CAF,Central African Republic,Urban,Total Polluting,0.6
CAF,Central African Republic,Rural,Biomass,0.8
CAF,Central African Republic,Rural,Charcoal,0.29
CAF,Central African Republic,Rural,Coal,0.38
CAF,Central African Republic,Rural,Electricity,0.05
CAF,Central African Republic,Rural,Gas,0.33
CAF,Central African Republic,Rural,Kerosene,0.32
CAF,Central African Republic,Rural,Total Clean,0.34
CAF,Central African Republic,Rural,Total Polluting,0.71
CHN,China,Urban,Biomass,0.69
CHN,China,Urban,Charcoal,0.28
CHN,China,Urban,Coal,0.35
CHN,China,Urban,Electricity,0.1
CHN,China,Urban,Gas,0.45
CHN,China,Urban,Kerosene,0.32
CHN,China,Urban,Total Clean,0.49
CHN,China,Urban,Total Polluting,0.64
CHN,China,Rural,Biomass,0.87
CHN,China,Rural,Charcoal,0.32
CHN,China,Rural,Coal,0.42
CHN,China,Rural,Electricity,0.06
CHN,China,Rural,Gas,0.36
CHN,China,Rural,Kerosene,0.35
CHN,China,Rural,Total Clean,0.37
CHN,China,Rural,Total Polluting,0.77
CIV,Côte d'Ivoire,Urban,Biomass,0.75
CIV,Côte d'Ivoire,Urban,Charcoal,0.3
CIV,Côte d'Ivoire,Urban,Coal,0.37
CIV,Côte d'Ivoire,Urban,Electricity,0.11
CIV,Côte d'Ivoire,Urban,Gas,0.48
CIV,Côte d'Ivoire,Urban,Kerosene,0.34
CIV,Côte d'Ivoire,Urban,Total Clean,0.53
CIV,Côte d'Ivoire,Urban,Total Polluting,0.7
CIV,Côte d'Ivoire,Rural,Biomass,0.94
CIV,Côte d'Ivoire,Rural,Charcoal,0.34
CIV,Côte d'Ivoire,Rural,Coal,0.45
CIV,Côte d'Ivoire,Rural,Electricity,0.06
CIV,Côte d'Ivoire,Rural,Gas,0.39
CIV,Côte d'Ivoire,Rural,Kerosene,0.38
CIV,Côte d'Ivoire,Rural,Total Clean,0.4
CIV,Côte d'Ivoire,Rural,Total Polluting,0.83
CMR,Cameroon,Urban,Biomass,0.74
CMR,Cameroon,Urban,Charcoal,0.3
CMR,Cameroon,Urban,Coal,0.37
CMR,Cameroon,Urban,Electricity,0.11
CMR,Cameroon,Urban,Gas,0.48
CMR,Cameroon,Urban,Kerosene,0.34
CMR,Cameroon,Urban,Total Clean,0.53
CMR,Cameroon,Urban,Total Polluting,0.69
CMR,Cameroon,Rural,Biomass,0.93
CMR,Cameroon,Rural,Charcoal,0.34
CMR,Cameroon,Rural,Coal,0.44
CMR,Cameroon,Rural,Electricity,0.06
CMR,Cameroon,Rural,Gas,0.38
CMR,Cameroon,Rural,Kerosene,0.37
CMR,Cameroon,Rural,Total Clean,0.4
CMR,Cameroon,Rural,Total Polluting,0.83
COD,Democratic Republic of the Congo,Urban,Biomass,0.68
COD,Democratic Republic of the Congo,Urban,Charcoal,0.27
COD,Democratic Republic of the Congo,Urban,Coal,0.34
COD,Democratic Republic of the Congo,Urban,Electricity,0.1
COD,Democratic Republic of the Congo,Urban,Gas,0.44
COD,Democratic Republic of the Congo,Urban,Kerosene,0.31
COD,Democratic Republic of the Congo,Urban,Total Clean,0.48
COD,Democratic Republic of the Congo,Urban,Total Polluting,0.63
COD,Democratic Republic of the Congo,Rural,Biomass,0.85
COD,Democratic Republic of the Congo,Rural,Charcoal,0.31
COD,Democratic Republic of the Congo,Rural,Coal,0.41
COD,Democratic Republic of the Congo,Rural,Electricity,0.06
COD,Democratic Republic of the Congo,Rural,Gas,0.35
COD,Democratic Republic of the Congo,Rural,Kerosene,0.34
COD,Democratic Republic of the Congo,Rural,Total Clean,0.36
COD,Democratic Republic of the Congo,Rural,Total Polluting,0.75
COG,Congo,Urban,Biomass,0.63
COG,Congo,Urban,Charcoal,0.25
COG,Congo,Urban,Coal,0.32
COG,Congo,Urban,Electricity,0.09
COG,Congo,Urban,Gas,0.41
COG,Congo,Urban,Kerosene,0.29
COG,Congo,Urban,Total Clean,0.45
COG,Congo,Urban,Total Polluting,0.59
COG,Congo,Rural,Biomass,0.79
COG,Congo,Rural,Charcoal,0.29
COG,Congo,Rural,Coal,0.38
COG,Congo,Rural,Electricity,0.05
COG,Congo,Rural,Gas,0.32
COG,Congo,Rural,Kerosene,0.32
COG,Congo,Rural,Total Clean,0.34
COG,Congo,Rural,Total Polluting,0.7
COK,Cook Islands,Urban,Biomass,0.73
COK,Cook Islands,Urban,Charcoal,0.29
COK,Cook Islands,Urban,Coal,0.36
COK,Cook Islands,Urban,Electricity,0.1
COK,Cook Islands,Urban,Gas,0.47
COK,Cook Islands,Urban,Kerosene,0.33
COK,Cook Islands,Urban,Total Clean,0.52
COK,Cook Islands,Urban,Total Polluting,0.68
COK,Cook Islands,Rural,Biomass,0.91
COK,Cook Islands,Rural,Charcoal,0.33
COK,Cook Islands,Rural,Coal,0.44
COK,Cook Islands,Rural,Electricity,0.06
COK,Cook Islands,Rural,Gas,0.37
COK,Cook Islands,Rural,Kerosene,0.37
COK,Cook Islands,Rural,Total Clean,0.39
COK,Cook Islands,Rural,Total Polluting,0.81
COL,Colombia,Urban,Biomass,0.67
COL,Colombia,Urban,Charcoal,0.27
COL,Colombia,Urban,Coal,0.34
COL,Colombia,Urban,Electricity,0.1
COL,Colombia,Urban,Gas,0.43
COL,Colombia,Urban,Kerosene,0.31
COL,Colombia,Urban,Total Clean,0.48
COL,Colombia,Urban,Total Polluting,0.62
COL,Colombia,Rural,Biomass,0.84
COL,Colombia,Rural,Charcoal,0.31
COL,Colombia,Rural,Coal,0.4
COL,Colombia,Rural,Electricity,0.06
COL,Colombia,Rural,Gas,0.35
COL,Colombia,Rural,Kerosene,0.34
COL,Colombia,Rural,Total Clean,0.36
COL,Colombia,Rural,Total Polluting,0.75
COM,Comoros,Urban,Biomass,0.74
COM,Comoros,Urban,Charcoal,0.3
COM,Comoros,Urban,Coal,0.37
COM,Comoros,Urban,Electricity,0.11
COM,Comoros,Urban,Gas,0.48
COM,Comoros,Urban,Kerosene,0.34
COM,Comoros,Urban,Total Clean,0.53
COM,Comoros,Urban,Total Polluting,0.69
COM,Comoros,Rural,Biomass,0.93
COM,Comoros,Rural,Charcoal,0.34
COM,Comoros,Rural,Coal,0.45
COM,Comoros,Rural,Electricity,0.06
COM,Comoros,Rural,Gas,0.38
COM,Comoros,Rural,Kerosene,0.37
COM,Comoros,Rural,Total Clean,0.4
COM,Comoros,Rural,Total Polluting,0.83
CPV,Cabo Verde,Urban,Biomass,0.7
CPV,Cabo Verde,Urban,Charcoal,0.28
CPV,Cabo Verde,Urban,Coal,0.35
CPV,Cabo Verde,Urban,Electricity,0.1
CPV,Cabo Verde,Urban,Gas,0.45
CPV,Cabo Verde,Urban,Kerosene,0.32
CPV,Cabo Verde,Urban,Total Clean,0.5
CPV,Cabo Verde,Urban,Total Polluting,0.65
CPV,Cabo Verde,Rural,Biomass,0.87
CPV,Cabo Verde,Rural,Charcoal,0.32
CPV,Cabo Verde,Rural,Coal,0.42
CPV,Cabo Verde,Rural,Electricity,0.06
CPV,Cabo Verde,Rural,Gas,0.36
CPV,Cabo Verde,Rural,Kerosene,0.35
CPV,Cabo Verde,Rural,Total Clean,0.37
CPV,Cabo Verde,Rural,Total Polluting,0.78
CRI,Costa Rica,Urban,Biomass,0.63
CRI,Costa Rica,Urban,Charcoal,0.25
CRI,Costa Rica,Urban,Coal,0.32
CRI,Costa Rica,Urban,Electricity,0.09
CRI,Costa Rica,Urban,Gas,0.41
CRI,Costa Rica,Urban,Kerosene,0.29
CRI,Costa Rica,Urban,Total Clean,0.45
CRI,Costa Rica,Urban,Total Polluting,0.59
CRI,Costa Rica,Rural,Biomass,0.79
CRI,Costa Rica,Rural,Charcoal,0.29
CRI,Costa Rica,Rural,Coal,0.38
CRI,Costa Rica,Rural,Electricity,0.05
CRI,Costa Rica,Rural,Gas,0.33
CRI,Costa Rica,Rural,Kerosene,0.32
CRI,Costa Rica,Rural,Total Clean,0.34
CRI,Costa Rica,Rural,Total Polluting,0.71
DJI,Djibouti,Urban,Biomass,0.77
DJI,Djibouti,Urban,Charcoal,0.31
DJI,Djibouti,Urban,Coal,0.38
DJI,Djibouti,Urban,Electricity,0.11
DJI,Djibouti,Urban,Gas,0.49
DJI,Djibouti,Urban,Kerosene,0.35
DJI,Djibouti,Urban,Total Clean,0.55
DJI,Djibouti,Urban,Total Polluting,0.71
DJI,Djibouti,Rural,Biomass,0.96
DJI,Djibouti,Rural,Charcoal,0.35
DJI,Djibouti,Rural,Coal,0.46
DJI,Djibouti,Rural,Electricity,0.07
DJI,Djibouti,Rural,Gas,0.39
DJI,Djibouti,Rural,Kerosene,0.39
DJI,Djibouti,Rural,Total Clean,0.41
DJI,Djibouti,Rural,Total Polluting,0.86
DMA,Dominica,Urban,Biomass,0.73
DMA,Dominica,Urban,Charcoal,0.29
DMA,Dominica,Urban,Coal,0.37
DMA,Dominica,Urban,Electricity,0.1
DMA,Dominica,Urban,Gas,0.47
DMA,Dominica,Urban,Kerosene,0.33
DMA,Dominica,Urban,Total Clean,0.52
DMA,Dominica,Urban,Total Polluting,0.68
DMA,Dominica,Rural,Biomass,0.92
DMA,Dominica,Rural,Charcoal,0.34
DMA,Dominica,Rural,Coal,0.44
DMA,Dominica,Rural,Electricity,0.06
DMA,Dominica,Rural,Gas,0.38
DMA,Dominica,Rural,Kerosene,0.37
DMA,Dominica,Rural,Total Clean,0.39
DMA,Dominica,Rural,Total Polluting,0.82
DOM,Dominican Republic,Urban,Biomass,0.65
DOM,Dominican Republic,Urban,Charcoal,0.26
DOM,Dominican Republic,Urban,Coal,0.33
DOM,Dominican Republic,Urban,Electricity,0.09
DOM,Dominican Republic,Urban,Gas,0.42
DOM,Dominican Republic,Urban,Kerosene,0.3
DOM,Dominican Republic,Urban,Total Clean,0.47
DOM,Dominican Republic,Urban,Total Polluting,0.61
DOM,Dominican Republic,Rural,Biomass,0.82
DOM,Dominican Republic,Rural,Charcoal,0.3
DOM,Dominican Republic,Rural,Coal,0.39
DOM,Dominican Republic,Rural,Electricity,0.06
DOM,Dominican Republic,Rural,Gas,0.34
DOM,Dominican Republic,Rural,Kerosene,0.33
DOM,Dominican Republic,Rural,Total Clean,0.35
DOM,Dominican Republic,Rural,Total Polluting,0.73
DZA,Algeria,Urban,Biomass,0.65
DZA,Algeria,Urban,Charcoal,0.26
DZA,Algeria,Urban,Coal,0.32
DZA,Algeria,Urban,Electricity,0.09
DZA,Algeria,Urban,Gas,0.42
DZA,Algeria,Urban,Kerosene,0.3
DZA,Algeria,Urban,Total Clean,0.46
DZA,Algeria,Urban,Total Polluting,0.6
DZA,Algeria,Rural,Biomass,0.81
DZA,Algeria,Rural,Charcoal,0.3
DZA,Algeria,Rural,Coal,0.39
DZA,Algeria,Rural,Electricity,0.06
DZA,Algeria,Rural,Gas,0.33
DZA,Algeria,Rural,Kerosene,0.33
DZA,Algeria,Rural,Total Clean,0.35
DZA,Algeria,Rural,Total Polluting,0.72
ECU,Ecuador,Urban,Biomass,0.7
ECU,Ecuador,Urban,Charcoal,0.28
ECU,Ecuador,Urban,Coal,0.35
ECU,Ecuador,Urban,Electricity,0.1
ECU,Ecuador,Urban,Gas,0.45
ECU,Ecuador,Urban,Kerosene,0.32
ECU,Ecuador,Urban,Total Clean,0.5
ECU,Ecuador,Urban,Total Polluting,0.65
ECU,Ecuador,Rural,Biomass,0.87
ECU,Ecuador,Rural,Charcoal,0.32
ECU,Ecuador,Rural,Coal,0.42
ECU,Ecuador,Rural,Electricity,0.06
ECU,Ecuador,Rural,Gas,0.36
ECU,Ecuador,Rural,Kerosene,0.35
ECU,Ecuador,Rural,Total Clean,0.37
ECU,Ecuador,Rural,Total Polluting,0.78
EGY,Egypt,Urban,Biomass,0.64
EGY,Egypt,Urban,Charcoal,0.26
EGY,Egypt,Urban,Coal,0.32
EGY,Egypt,Urban,Electricity,0.09
EGY,Egypt,Urban,Gas,0.41
EGY,Egypt,Urban,Kerosene,0.29
EGY,Egypt,Urban,Total Clean,0.46
EGY,Egypt,Urban,Total Polluting,0.6
EGY,Egypt,Rural,Biomass,0.81
EGY,Egypt,Rural,Charcoal,0.3
EGY,Egypt,Rural,Coal,0.39
EGY,Egypt,Rural,Electricity,0.06
EGY,Egypt,Rural,Gas,0.33
EGY,Egypt,Rural,Kerosene,0.32
EGY,Egypt,Rural,Total Clean,0.35
EGY,Egypt,Rural,Total Polluting,0.72
ERI,Eritrea,Urban,Biomass,0.72
ERI,Eritrea,Urban,Charcoal,0.29
ERI,Eritrea,Urban,Coal,0.36
ERI,Eritrea,Urban,Electricity,0.1
ERI,Eritrea,Urban,Gas,0.46
ERI,Eritrea,Urban,Kerosene,0.33
ERI,Eritrea,Urban,Total Clean,0.51
ERI,Eritrea,Urban,Total Polluting,0.67
ERI,Eritrea,Rural,Biomass,0.9
ERI,Eritrea,Rural,Charcoal,0.33
ERI,Eritrea,Rural,Coal,0.43
ERI,Eritrea,Rural,Electricity,0.06
ERI,Eritrea,Rural,Gas,0.37
ERI,Eritrea,Rural,Kerosene,0.36
ERI,Eritrea,Rural,Total Clean,0.38
ERI,Eritrea,Rural,Total Polluting,0.8
ETH,Ethiopia,Urban,Biomass,0.63
ETH,Ethiopia,Urban,Charcoal,0.25
ETH,Ethiopia,Urban,Coal,0.32
ETH,Ethiopia,Urban,Electricity,0.09
ETH,Ethiopia,Urban,Gas,0.41
ETH,Ethiopia,Urban,Kerosene,0.29
ETH,Ethiopia,Urban,Total Clean,0.45
ETH,Ethiopia,Urban,Total Polluting,0.59
ETH,Ethiopia,Rural,Biomass,0.79
ETH,Ethiopia,Rural,Charcoal,0.29
ETH,Ethiopia,Rural,Coal,0.38
ETH,Ethiopia,Rural,Electricity,0.05
ETH,Ethiopia,Rural,Gas,0.32
ETH,Ethiopia,Rural,Kerosene,0.32
ETH,Ethiopia,Rural,Total Clean,0.34
ETH,Ethiopia,Rural,Total Polluting,0.7
FJI,Fiji,Urban,Biomass,0.7
FJI,Fiji,Urban,Charcoal,0.28
FJI,Fiji,Urban,Coal,0.35
FJI,Fiji,Urban,Electricity,0.1
FJI,Fiji,Urban,Gas,0.45
FJI,Fiji,Urban,Kerosene,0.32
FJI,Fiji,Urban,Total Clean,0.5
FJI,Fiji,Urban,Total Polluting,0.65
FJI,Fiji,Rural,Biomass,0.88
FJI,Fiji,Rural,Charcoal,0.32
FJI,Fiji,Rural,Coal,0.42
FJI,Fiji,Rural,Electricity,0.06
FJI,Fiji,Rural,Gas,0.36
FJI,Fiji,Rural,Kerosene,0.35
FJI,Fiji,Rural,Total Clean,0.38
FJI,Fiji,Rural,Total Polluting,0.78
FSM,Micronesia (Federated States of),Urban,Biomass,0.7
FSM,Micronesia (Federated States of),Urban,Charcoal,0.28
FSM,Micronesia (Federated States of),Urban,Coal,0.35
FSM,Micronesia (Federated States of),Urban,Electricity,0.1
FSM,Micronesia (Federated States of),Urban,Gas,0.45
FSM,Micronesia (Federated States of),Urban,Kerosene,0.32
FSM,Micronesia (Federated States of),Urban,Total Clean,0.5
FSM,Micronesia (Federated States of),Urban,Total Polluting,0.65
FSM,Micronesia (Federated States of),Rural,Biomass,0.87
FSM,Micronesia (Federated States of),Rural,Charcoal,0.32
FSM,Micronesia (Federated States of),Rural,Coal,0.42
FSM,Micronesia (Federated States of),Rural,Electricity,0.06
FSM,Micronesia (Federated States of),Rural,Gas,0.36
FSM,Micronesia (Federated States of),Rural,Kerosene,0.35
FSM,Micronesia (Federated States of),Rural,Total Clean,0.37
FSM,Micronesia (Federated States of),Rural,Total Polluting,0.78
GAB,Gabon,Urban,Biomass,0.72
GAB,Gabon,Urban,Charcoal,0.29
GAB,Gabon,Urban,Coal,0.36
GAB,Gabon,Urban,Electricity,0.1
GAB,Gabon,Urban,Gas,0.47
GAB,Gabon,Urban,Kerosene,0.33
GAB,Gabon,Urban,Total Clean,0.52
GAB,Gabon,Urban,Total Polluting,0.67
GAB,Gabon,Rural,Biomass,0.91
GAB,Gabon,Rural,Charcoal,0.33
GAB,Gabon,Rural,Coal,0.43
GAB,Gabon,Rural,Electricity,0.06
GAB,Gabon,Rural,Gas,0.37
GAB,Gabon,Rural,Kerosene,0.36
GAB,Gabon,Rural,Total Clean,0.39
GAB,Gabon,Rural,Total Polluting,0.81
GEO,Georgia,Urban,Biomass,0.77
GEO,Georgia,Urban,Charcoal,0.31
GEO,Georgia,Urban,Coal,0.38
GEO,Georgia,Urban,Electricity,0.11
GEO,Georgia,Urban,Gas,0.49
GEO,Georgia,Urban,Kerosene,0.35
GEO,Georgia,Urban,Total Clean,0.55
GEO,Georgia,Urban,Total Polluting,0.71
GEO,Georgia,Rural,Biomass,0.96
GEO,Georgia,Rural,Charcoal,0.35
GEO,Georgia,Rural,Coal,0.46
GEO,Georgia,Rural,Electricity,0.07
GEO,Georgia,Rural,Gas,0.39
GEO,Georgia,Rural,Kerosene,0.39
GEO,Georgia,Rural,Total Clean,0.41
GEO,Georgia,Rural,Total Polluting,0.86
GHA,Ghana,Urban,Biomass,0.68
GHA,Ghana,Urban,Charcoal,0.27
GHA,Ghana,Urban,Coal,0.34
GHA,Ghana,Urban,Electricity,0.1
GHA,Ghana,Urban,Gas,0.43
GHA,Ghana,Urban,Kerosene,0.31
GHA,Ghana,Urban,Total Clean,0.48
GHA,Ghana,Urban,Total Polluting,0.63
GHA,Ghana,Rural,Biomass,0.85
GHA,Ghana,Rural,Charcoal,0.31
GHA,Ghana,Rural,Coal,0.41
GHA,Ghana,Rural,Electricity,0.06
GHA,Ghana,Rural,Gas,0.35
GHA,Ghana,Rural,Kerosene,0.34
GHA,Ghana,Rural,Total Clean,0.36
GHA,Ghana,Rural,Total Polluting,0.75
GIN,Guinea,Urban,Biomass,0.65
GIN,Guinea,Urban,Charcoal,0.26
GIN,Guinea,Urban,Coal,0.32
GIN,Guinea,Urban,Electricity,0.09
GIN,Guinea,Urban,Gas,0.42
GIN,Guinea,Urban,Kerosene,0.3
GIN,Guinea,Urban,Total Clean,0.46
GIN,Guinea,Urban,Total Polluting,0.6
GIN,Guinea,Rural,Biomass,0.81
GIN,Guinea,Rural,Charcoal,0.3
GIN,Guinea,Rural,Coal,0.39
GIN,Guinea,Rural,Electricity,0.06
GIN,Guinea,Rural,Gas,0.33
GIN,Guinea,Rural,Kerosene,0.33
GIN,Guinea,Rural,Total Clean,0.35
GIN,Guinea,Rural,Total Polluting,0.72
GMB,Gambia,Urban,Biomass,0.74
GMB,Gambia,Urban,Charcoal,0.3
GMB,Gambia,Urban,Coal,0.37
GMB,Gambia,Urban,Electricity,0.11
GMB,Gambia,Urban,Gas,0.48
GMB,Gambia,Urban,Kerosene,0.34
GMB,Gambia,Urban,Total Clean,0.53
GMB,Gambia,Urban,Total Polluting,0.69
GMB,Gambia,Rural,Biomass,0.92
GMB,Gambia,Rural,Charcoal,0.34
GMB,Gambia,Rural,Coal,0.44
GMB,Gambia,Rural,Electricity,0.06
GMB,Gambia,Rural,Gas,0.38
GMB,Gambia,Rural,Kerosene,0.37
GMB,Gambia,Rural,Total Clean,0.4
GMB,Gambia,Rural,Total Polluting,0.82
GNB,Guinea-Bissau,Urban,Biomass,0.64
GNB,Guinea-Bissau,Urban,Charcoal,0.26
GNB,Guinea-Bissau,Urban,Coal,0.32
GNB,Guinea-Bissau,Urban,Electricity,0.09
GNB,Guinea-Bissau,Urban,Gas,0.41
GNB,Guinea-Bissau,Urban,Kerosene,0.29
GNB,Guinea-Bissau,Urban,Total Clean,0.46
GNB,Guinea-Bissau,Urban,Total Polluting,0.59
GNB,Guinea-Bissau,Rural,Biomass,0.8
GNB,Guinea-Bissau,Rural,Charcoal,0.29
GNB,Guinea-Bissau,Rural,Coal,0.38
GNB,Guinea-Bissau,Rural,Electricity,0.05
GNB,Guinea-Bissau,Rural,Gas,0.33
GNB,Guinea-Bissau,Rural,Kerosene,0.32
GNB,Guinea-Bissau,Rural,Total Clean,0.34
GNB,Guinea-Bissau,Rural,Total Polluting,0.71
GNQ,Equatorial Guinea,Urban,Biomass,0.76
GNQ,Equatorial Guinea,Urban,Charcoal,0.3
GNQ,Equatorial Guinea,Urban,Coal,0.38
GNQ,Equatorial Guinea,Urban,Electricity,0.11
GNQ,Equatorial Guinea,Urban,Gas,0.49
GNQ,Equatorial Guinea,Urban,Kerosene,0.35
GNQ,Equatorial Guinea,Urban,Total Clean,0.54
GNQ,Equatorial Guinea,Urban,Total Polluting,0.7
GNQ,Equatorial Guinea,Rural,Biomass,0.95
GNQ,Equatorial Guinea,Rural,Charcoal,0.35
GNQ,Equatorial Guinea,Rural,Coal,0.45
GNQ,Equatorial Guinea,Rural,Electricity,0.06
GNQ,Equatorial Guinea,Rural,Gas,0.39
GNQ,Equatorial Guinea,Rural,Kerosene,0.38
GNQ,Equatorial Guinea,Rural,Total Clean,0.41
GNQ,Equatorial Guinea,Rural,Total Polluting,0.84
GRD,Grenada,Urban,Biomass,0.7
GRD,Grenada,Urban,Charcoal,0.28
GRD,Grenada,Urban,Coal,0.35
GRD,Grenada,Urban,Electricity,0.1
GRD,Grenada,Urban,Gas,0.45
GRD,Grenada,Urban,Kerosene,0.32
GRD,Grenada,Urban,Total Clean,0.5
GRD,Grenada,Urban,Total Polluting,0.65
GRD,Grenada,Rural,Biomass,0.88
GRD,Grenada,Rural,Charcoal,0.32
GRD,Grenada,Rural,Coal,0.42
GRD,Grenada,Rural,Electricity,0.06
GRD,Grenada,Rural,Gas,0.36
GRD,Grenada,Rural,Kerosene,0.35
GRD,Grenada,Rural,Total Clean,0.38
GRD,Grenada,Rural,Total Polluting,0.78
GTM,Guatemala,Urban,Biomass,0.69
GTM,Guatemala,Urban,Charcoal,0.28
GTM,Guatemala,Urban,Coal,0.34
GTM,Guatemala,Urban,Electricity,0.1
GTM,Guatemala,Urban,Gas,0.44
GTM,Guatemala,Urban,Kerosene,0.31
GTM,Guatemala,Urban,Total Clean,0.49
GTM,Guatemala,Urban,Total Polluting,0.64
GTM,Guatemala,Rural,Biomass,0.86
GTM,Guatemala,Rural,Charcoal,0.32
GTM,Guatemala,Rural,Coal,0.41
GTM,Guatemala,Rural,Electricity,0.06
GTM,Guatemala,Rural,Gas,0.35
GTM,Guatemala,Rural,Kerosene,0.35
GTM,Guatemala,Rural,Total Clean,0.37
GTM,Guatemala,Rural,Total Polluting,0.77
GUY,Guyana,Urban,Biomass,0.65
GUY,Guyana,Urban,Charcoal,0.26
GUY,Guyana,Urban,Coal,0.32
GUY,Guyana,Urban,Electricity,0.09
GUY,Guyana,Urban,Gas,0.42
GUY,Guyana,Urban,Kerosene,0.3
GUY,Guyana,Urban,Total Clean,0.46
GUY,Guyana,Urban,Total Polluting,0.6
GUY,Guyana,Rural,Biomass,0.81
GUY,Guyana,Rural,Charcoal,0.3
GUY,Guyana,Rural,Coal,0.39
GUY,Guyana,Rural,Electricity,0.06
GUY,Guyana,Rural,Gas,0.33
GUY,Guyana,Rural,Kerosene,0.33
GUY,Guyana,Rural,Total Clean,0.35
GUY,Guyana,Rural,Total Polluting,0.72
HND,Honduras,Urban,Biomass,0.71
HND,Honduras,Urban,Charcoal,0.29
HND,Honduras,Urban,Coal,0.36
HND,Honduras,Urban,Electricity,0.1
HND,Honduras,Urban,Gas,0.46
HND,Honduras,Urban,Kerosene,0.33
HND,Honduras,Urban,Total Clean,0.51
HND,Honduras,Urban,Total Polluting,0.66
HND,Honduras,Rural,Biomass,0.89
HND,Honduras,Rural,Charcoal,0.33
HND,Honduras,Rural,Coal,0.43
HND,Honduras,Rural,Electricity,0.06
HND,Honduras,Rural,Gas,0.37
HND,Honduras,Rural,Kerosene,0.36
HND,Honduras,Rural,Total Clean,0.38
HND,Honduras,Rural,Total Polluting,0.8
HTI,Haiti,Urban,Biomass,0.68
HTI,Haiti,Urban,Charcoal,0.27
HTI,Haiti,Urban,Coal,0.34
HTI,Haiti,Urban,Electricity,0.1
HTI,Haiti,Urban,Gas,0.44
HTI,Haiti,Urban,Kerosene,0.31
HTI,Haiti,Urban,Total Clean,0.49
HTI,Haiti,Urban,Total Polluting,0.63
HTI,Haiti,Rural,Biomass,0.85
HTI,Haiti,Rural,Charcoal,0.31
HTI,Haiti,Rural,Coal,0.41
HTI,Haiti,Rural,Electricity,0.06
HTI,Haiti,Rural,Gas,0.35
HTI,Haiti,Rural,Kerosene,0.34
HTI,Haiti,Rural,Total Clean,0.36
HTI,Haiti,Rural,Total Polluting,0.76
IDN,Indonesia,Urban,Biomass,0.72
IDN,Indonesia,Urban,Charcoal,0.29
IDN,Indonesia,Urban,Coal,0.36
IDN,Indonesia,Urban,Electricity,0.1
IDN,Indonesia,Urban,Gas,0.46
IDN,Indonesia,Urban,Kerosene,0.33
IDN,Indonesia,Urban,Total Clean,0.52
IDN,Indonesia,Urban,Total Polluting,0.67
IDN,Indonesia,Rural,Biomass,0.9
IDN,Indonesia,Rural,Charcoal,0.33
IDN,Indonesia,Rural,Coal,0.43
IDN,Indonesia,Rural,Electricity,0.06
IDN,Indonesia,Rural,Gas,0.37
IDN,Indonesia,Rural,Kerosene,0.36
IDN,Indonesia,Rural,Total Clean,0.39
IDN,Indonesia,Rural,Total Polluting,0.8
IND,India,Urban,Biomass,0.76
IND,India,Urban,Charcoal,0.3
IND,India,Urban,Coal,0.38
IND,India,Urban,Electricity,0.11
IND,India,Urban,Gas,0.49
IND,India,Urban,Kerosene,0.35
IND,India,Urban,Total Clean,0.54
IND,India,Urban,Total Polluting,0.7
IND,India,Rural,Biomass,0.95
IND,India,Rural,Charcoal,0.35
IND,India,Rural,Coal,0.45
IND,India,Rural,Electricity,0.06
IND,India,Rural,Gas,0.39
IND,India,Rural,Kerosene,0.38
IND,India,Rural,Total Clean,0.41
IND,India,Rural,Total Polluting,0.84
IRN,Iran (Islamic Republic of),Urban,Biomass,0.75
IRN,Iran (Islamic Republic of),Urban,Charcoal,0.3
IRN,Iran (Islamic Republic of),Urban,Coal,0.38
IRN,Iran (Islamic Republic of),Urban,Electricity,0.11
IRN,Iran (Islamic Republic of),Urban,Gas,0.48
IRN,Iran (Islamic Republic of),Urban,Kerosene,0.34
IRN,Iran (Islamic Republic of),Urban,Total Clean,0.54
IRN,Iran (Islamic Republic of),Urban,Total Polluting,0.7
IRN,Iran (Islamic Republic of),Rural,Biomass,0.94
IRN,Iran (Islamic Republic of),Rural,Charcoal,0.35
IRN,Iran (Islamic Republic of),Rural,Coal,0.45
IRN,Iran (Islamic Republic of),Rural,Electricity,0.06
IRN,Iran (Islamic Republic of),Rural,Gas,0.39
IRN,Iran (Islamic Republic of),Rural,Kerosene,0.38
IRN,Iran (Islamic Republic of),Rural,Total Clean,0.4
IRN,Iran (Islamic Republic of),Rural,Total Polluting,0.84
IRQ,Iraq,Urban,Biomass,0.67
IRQ,Iraq,Urban,Charcoal,0.27
IRQ,Iraq,Urban,Coal,0.33
IRQ,Iraq,Urban,Electricity,0.1
IRQ,Iraq,Urban,Gas,0.43
IRQ,Iraq,Urban,Kerosene,0.3
IRQ,Iraq,Urban,Total Clean,0.48
IRQ,Iraq,Urban,Total Polluting,0.62
IRQ,Iraq,Rural,Biomass,0.83
IRQ,Iraq,Rural,Charcoal,0.31
IRQ,Iraq,Rural,Coal,0.4
IRQ,Iraq,Rural,Electricity,0.06
IRQ,Iraq,Rural,Gas,0.34
IRQ,Iraq,Rural,Kerosene,0.34
IRQ,Iraq,Rural,Total Clean,0.36
IRQ,Iraq,Rural,Total Polluting,0.74
JAM,Jamaica,Urban,Biomass,0.7
JAM,Jamaica,Urban,Charcoal,0.28
JAM,Jamaica,Urban,Coal,0.35
JAM,Jamaica,Urban,Electricity,0.1
JAM,Jamaica,Urban,Gas,0.45
JAM,Jamaica,Urban,Kerosene,0.32
JAM,Jamaica,Urban,Total Clean,0.5
JAM,Jamaica,Urban,Total Polluting,0.65
JAM,Jamaica,Rural,Biomass,0.87
JAM,Jamaica,Rural,Charcoal,0.32
JAM,Jamaica,Rural,Coal,0.42
JAM,Jamaica,Rural,Electricity,0.06
JAM,Jamaica,Rural,Gas,0.36
JAM,Jamaica,Rural,Kerosene,0.35
JAM,Jamaica,Rural,Total Clean,0.37
JAM,Jamaica,Rural,Total Polluting,0.78
JOR,Jordan,Urban,Biomass,0.76
JOR,Jordan,Urban,Charcoal,0.3
JOR,Jordan,Urban,Coal,0.38
JOR,Jordan,Urban,Electricity,0.11
JOR,Jordan,Urban,Gas,0.49
JOR,Jordan,Urban,Kerosene,0.35
JOR,Jordan,Urban,Total Clean,0.54
JOR,Jordan,Urban,Total Polluting,0.71
JOR,Jordan,Rural,Biomass,0.95
JOR,Jordan,Rural,Charcoal,0.35
JOR,Jordan,Rural,Coal,0.46
JOR,Jordan,Rural,Electricity,0.07
JOR,Jordan,Rural,Gas,0.39
JOR,Jordan,Rural,Kerosene,0.38
JOR,Jordan,Rural,Total Clean,0.41
JOR,Jordan,Rural,Total Polluting,0.85
KAZ,Kazakhstan,Urban,Biomass,0.76
KAZ,Kazakhstan,Urban,Charcoal,0.3
KAZ,Kazakhstan,Urban,Coal,0.38
KAZ,Kazakhstan,Urban,Electricity,0.11
KAZ,Kazakhstan,Urban,Gas,0.49
KAZ,Kazakhstan,Urban,Kerosene,0.35
KAZ,Kazakhstan,Urban,Total Clean,0.54
KAZ,Kazakhstan,Urban,Total Polluting,0.7
KAZ,Kazakhstan,Rural,Biomass,0.95
KAZ,Kazakhstan,Rural,Charcoal,0.35
KAZ,Kazakhstan,Rural,Coal,0.46
KAZ,Kazakhstan,Rural,Electricity,0.07
KAZ,Kazakhstan,Rural,Gas,0.39
KAZ,Kazakhstan,Rural,Kerosene,0.38
KAZ,Kazakhstan,Rural,Total Clean,0.41
KAZ,Kazakhstan,Rural,Total Polluting,0.85
KEN,Kenya,Urban,Biomass,0.66
KEN,Kenya,Urban,Charcoal,0.26
KEN,Kenya,Urban,Coal,0.33
KEN,Kenya,Urban,Electricity,0.09
KEN,Kenya,Urban,Gas,0.42
KEN,Kenya,Urban,Kerosene,0.3
KEN,Kenya,Urban,Total Clean,0.47
KEN,Kenya,Urban,Total Polluting,0.61
KEN,Kenya,Rural,Biomass,0.82
KEN,Kenya,Rural,Charcoal,0.3
KEN,Kenya,Rural,Coal,0.4
KEN,Kenya,Rural,Electricity,0.06
KEN,Kenya,Rural,Gas,0.34
KEN,Kenya,Rural,Kerosene,0.33
KEN,Kenya,Rural,Total Clean,0.35
KEN,Kenya,Rural,Total Polluting,0.73
KGZ,Kyrgyzstan,Urban,Biomass,0.7
KGZ,Kyrgyzstan,Urban,Charcoal,0.28
KGZ,Kyrgyzstan,Urban,Coal,0.35
KGZ,Kyrgyzstan,Urban,Electricity,0.1
KGZ,Kyrgyzstan,Urban,Gas,0.45
KGZ,Kyrgyzstan,Urban,Kerosene,0.32
KGZ,Kyrgyzstan,Urban,Total Clean,0.5
KGZ,Kyrgyzstan,Urban,Total Polluting,0.65
KGZ,Kyrgyzstan,Rural,Biomass,0.88
KGZ,Kyrgyzstan,Rural,Charcoal,0.32
KGZ,Kyrgyzstan,Rural,Coal,0.42
KGZ,Kyrgyzstan,Rural,Electricity,0.06
KGZ,Kyrgyzstan,Rural,Gas,0.36
KGZ,Kyrgyzstan,Rural,Kerosene,0.35
KGZ,Kyrgyzstan,Rural,Total Clean,0.38
KGZ,Kyrgyzstan,Rural,Total Polluting,0.78
KHM,Cambodia,Urban,Biomass,0.67
KHM,Cambodia,Urban,Charcoal,0.27
KHM,Cambodia,Urban,Coal,0.34
KHM,Cambodia,Urban,Electricity,0.1
KHM,Cambodia,Urban,Gas,0.43
KHM,Cambodia,Urban,Kerosene,0.31
KHM,Cambodia,Urban,Total Clean,0.48
KHM,Cambodia,Urban,Total Polluting,0.63
KHM,Cambodia,Rural,Biomass,0.84
KHM,Cambodia,Rural,Charcoal,0.31
KHM,Cambodia,Rural,Coal,0.4
KHM,Cambodia,Rural,Electricity,0.06
KHM,Cambodia,Rural,Gas,0.35
KHM,Cambodia,Rural,Kerosene,0.34
KHM,Cambodia,Rural,Total Clean,0.36
KHM,Cambodia,Rural,Total Polluting,0.75
KIR,Kiribati,Urban,Biomass,0.71
KIR,Kiribati,Urban,Charcoal,0.28
KIR,Kiribati,Urban,Coal,0.35
KIR,Kiribati,Urban,Electricity,0.1
KIR,Kiribati,Urban,Gas,0.46
KIR,Kiribati,Urban,Kerosene,0.32
KIR,Kiribati,Urban,Total Clean,0.51
KIR,Kiribati,Urban,Total Polluting,0.66
KIR,Kiribati,Rural,Biomass,0.89
KIR,Kiribati,Rural,Charcoal,0.33
KIR,Kiribati,Rural,Coal,0.42
KIR,Kiribati,Rural,Electricity,0.06
KIR,Kiribati,Rural,Gas,0.36
KIR,Kiribati,Rural,Kerosene,0.36
KIR,Kiribati,Rural,Total Clean,0.38
KIR,Kiribati,Rural,Total Polluting,0.79
LAO,Lao People's Democratic Republic,Urban,Biomass,0.65
LAO,Lao People's Democratic Republic,Urban,Charcoal,0.26
LAO,Lao People's Democratic Republic,Urban,Coal,0.33
LAO,Lao People's Democratic Republic,Urban,Electricity,0.09
LAO,Lao People's Democratic Republic,Urban,Gas,0.42
LAO,Lao People's Democratic Republic,Urban,Kerosene,0.3
LAO,Lao People's Democratic Republic,Urban,Total Clean,0.47
LAO,Lao People's Democratic Republic,Urban,Total Polluting,0.61
LAO,Lao People's Democratic Republic,Rural,Biomass,0.82
LAO,Lao People's Democratic Republic,Rural,Charcoal,0.3
LAO,Lao People's Democratic Republic,Rural,Coal,0.39
LAO,Lao People's Democratic Republic,Rural,Electricity,0.06
LAO,Lao People's Democratic Republic,Rural,Gas,0.34
LAO,Lao People's Democratic Republic,Rural,Kerosene,0.33
LAO,Lao People's Democratic Republic,Rural,Total Clean,0.35
LAO,Lao People's Democratic Republic,Rural,Total Polluting,0.73
LBR,Liberia,Urban,Biomass,0.76
LBR,Liberia,Urban,Charcoal,0.3
LBR,Liberia,Urban,Coal,0.38
LBR,Liberia,Urban,Electricity,0.11
LBR,Liberia,Urban,Gas,0.49
LBR,Liberia,Urban,Kerosene,0.35
LBR,Liberia,Urban,Total Clean,0.54
LBR,Liberia,Urban,Total Polluting,0.7
LBR,Liberia,Rural,Biomass,0.94
LBR,Liberia,Rural,Charcoal,0.35
LBR,Liberia,Rural,Coal,0.45
LBR,Liberia,Rural,Electricity,0.06
LBR,Liberia,Rural,Gas,0.39
LBR,Liberia,Rural,Kerosene,0.38
LBR,Liberia,Rural,Total Clean,0.4
LBR,Liberia,Rural,Total Polluting,0.84
LCA,Saint Lucia,Urban,Biomass,0.67
LCA,Saint Lucia,Urban,Charcoal,0.27
LCA,Saint Lucia,Urban,Coal,0.33
LCA,Saint Lucia,Urban,Electricity,0.1
LCA,Saint Lucia,Urban,Gas,0.43
LCA,Saint Lucia,Urban,Kerosene,0.3
LCA,Saint Lucia,Urban,Total Clean,0.48
LCA,Saint Lucia,Urban,Total Polluting,0.62
LCA,Saint Lucia,Rural,Biomass,0.83
LCA,Saint Lucia,Rural,Charcoal,0.31
LCA,Saint Lucia,Rural,Coal,0.4
LCA,Saint Lucia,Rural,Electricity,0.06
LCA,Saint Lucia,Rural,Gas,0.34
LCA,Saint Lucia,Rural,Kerosene,0.34
LCA,Saint Lucia,Rural,Total Clean,0.36
LCA,Saint Lucia,Rural,Total Polluting,0.74
LKA,Sri Lanka,Urban,Biomass,0.69
LKA,Sri Lanka,Urban,Charcoal,0.27
LKA,Sri Lanka,Urban,Coal,0.34
LKA,Sri Lanka,Urban,Electricity,0.1
LKA,Sri Lanka,Urban,Gas,0.44
LKA,Sri Lanka,Urban,Kerosene,0.31
LKA,Sri Lanka,Urban,Total Clean,0.49
LKA,Sri Lanka,Urban,Total Polluting,0.64
LKA,Sri Lanka,Rural,Biomass,0.86
LKA,Sri Lanka,Rural,Charcoal,0.32
LKA,Sri Lanka,Rural,Coal,0.41
LKA,Sri Lanka,Rural,Electricity,0.06
LKA,Sri Lanka,Rural,Gas,0.35
LKA,Sri Lanka,Rural,Kerosene,0.35
LKA,Sri Lanka,Rural,Total Clean,0.37
LKA,Sri Lanka,Rural,Total Polluting,0.77
LSO,Lesotho,Urban,Biomass,0.7
LSO,Lesotho,Urban,Charcoal,0.28
LSO,Lesotho,Urban,Coal,0.35
LSO,Lesotho,Urban,Electricity,0.1
LSO,Lesotho,Urban,Gas,0.45
LSO,Lesotho,Urban,Kerosene,0.32
LSO,Lesotho,Urban,Total Clean,0.5
LSO,Lesotho,Urban,Total Polluting,0.65
LSO,Lesotho,Rural,Biomass,0.88
LSO,Lesotho,Rural,Charcoal,0.32
LSO,Lesotho,Rural,Coal,0.42
LSO,Lesotho,Rural,Electricity,0.06
LSO,Lesotho,Rural,Gas,0.36
LSO,Lesotho,Rural,Kerosene,0.35
LSO,Lesotho,Rural,Total Clean,0.38
LSO,Lesotho,Rural,Total Polluting,0.78
MAR,Morocco,Urban,Biomass,0.72
MAR,Morocco,Urban,Charcoal,0.29
MAR,Morocco,Urban,Coal,0.36
MAR,Morocco,Urban,Electricity,0.1
MAR,Morocco,Urban,Gas,0.46
MAR,Morocco,Urban,Kerosene,0.33
MAR,Morocco,Urban,Total Clean,0.51
MAR,Morocco,Urban,Total Polluting,0.66
MAR,Morocco,Rural,Biomass,0.89
MAR,Morocco,Rural,Charcoal,0.33
MAR,Morocco,Rural,Coal,0.43
MAR,Morocco,Rural,Electricity,0.06
MAR,Morocco,Rural,Gas,0.37
MAR,Morocco,Rural,Kerosene,0.36
MAR,Morocco,Rural,Total Clean,0.38
MAR,Morocco,Rural,Total Polluting,0.8
MDA,Republic of Moldova,Urban,Biomass,0.72
MDA,Republic of Moldova,Urban,Charcoal,0.29
MDA,Republic of Moldova,Urban,Coal,0.36
MDA,Republic of Moldova,Urban,Electricity,0.1
MDA,Republic of Moldova,Urban,Gas,0.46
MDA,Republic of Moldova,Urban,Kerosene,0.33
MDA,Republic of Moldova,Urban,Total Clean,0.51
MDA,Republic of Moldova,Urban,Total Polluting,0.66
MDA,Republic of Moldova,Rural,Biomass,0.9
MDA,Republic of Moldova,Rural,Charcoal,0.33
MDA,Republic of Moldova,Rural,Coal,0.43
MDA,Republic of Moldova,Rural,Electricity,0.06
MDA,Republic of Moldova,Rural,Gas,0.37
MDA,Republic of Moldova,Rural,Kerosene,0.36
MDA,Republic of Moldova,Rural,Total Clean,0.38
MDA,Republic of Moldova,Rural,Total Polluting,0.8
MDG,Madagascar,Urban,Biomass,0.65
MDG,Madagascar,Urban,Charcoal,0.26
MDG,Madagascar,Urban,Coal,0.32
MDG,Madagascar,Urban,Electricity,0.09
MDG,Madagascar,Urban,Gas,0.42
MDG,Madagascar,Urban,Kerosene,0.3
MDG,Madagascar,Urban,Total Clean,0.46
MDG,Madagascar,Urban,Total Polluting,0.6
MDG,Madagascar,Rural,Biomass,0.81
MDG,Madagascar,Rural,Charcoal,0.3
MDG,Madagascar,Rural,Coal,0.39
MDG,Madagascar,Rural,Electricity,0.06
MDG,Madagascar,Rural,Gas,0.33
MDG,Madagascar,Rural,Kerosene,0.33
MDG,Madagascar,Rural,Total Clean,0.35
MDG,Madagascar,Rural,Total Polluting,0.72
MDV,Maldives,Urban,Biomass,0.75
MDV,Maldives,Urban,Charcoal,0.3
MDV,Maldives,Urban,Coal,0.37
MDV,Maldives,Urban,Electricity,0.11
MDV,Maldives,Urban,Gas,0.48
MDV,Maldives,Urban,Kerosene,0.34
MDV,Maldives,Urban,Total Clean,0.53
MDV,Maldives,Urban,Total Polluting,0.69
MDV,Maldives,Rural,Biomass,0.94
MDV,Maldives,Rural,Charcoal,0.34
MDV,Maldives,Rural,Coal,0.45
MDV,Maldives,Rural,Electricity,0.06
MDV,Maldives,Rural,Gas,0.38
MDV,Maldives,Rural,Kerosene,0.38
MDV,Maldives,Rural,Total Clean,0.4
MDV,Maldives,Rural,Total Polluting,0.83
MEX,Mexico,Urban,Biomass,0.69
MEX,Mexico,Urban,Charcoal,0.28
MEX,Mexico,Urban,Coal,0.35
MEX,Mexico,Urban,Electricity,0.1
MEX,Mexico,Urban,Gas,0.45
MEX,Mexico,Urban,Kerosene,0.32
MEX,Mexico,Urban,Total Clean,0.49
MEX,Mexico,Urban,Total Polluting,0.64
MEX,Mexico,Rural,Biomass,0.87
MEX,Mexico,Rural,Charcoal,0.32
MEX,Mexico,Rural,Coal,0.42
MEX,Mexico,Rural,Electricity,0.06
MEX,Mexico,Rural,Gas,0.36
MEX,Mexico,Rural,Kerosene,0.35
MEX,Mexico,Rural,Total Clean,0.37
MEX,Mexico,Rural,Total Polluting,0.77
MHL,Marshall Islands,Urban,Biomass,0.64
MHL,Marshall Islands,Urban,Charcoal,0.25
MHL,Marshall Islands,Urban,Coal,0.32
MHL,Marshall Islands,Urban,Electricity,0.09
MHL,Marshall Islands,Urban,Gas,0.41
MHL,Marshall Islands,Urban,Kerosene,0.29
MHL,Marshall Islands,Urban,Total Clean,0.45
MHL,Marshall Islands,Urban,Total Polluting,0.59
MHL,Marshall Islands,Rural,Biomass,0.8
MHL,Marshall Islands,Rural,Charcoal,0.29
MHL,Marshall Islands,Rural,Coal,0.38
MHL,Marshall Islands,Rural,Electricity,0.05
MHL,Marshall Islands,Rural,Gas,0.33
MHL,Marshall Islands,Rural,Kerosene,0.32
MHL,Marshall Islands,Rural,Total Clean,0.34
MHL,Marshall Islands,Rural,Total Polluting,0.71
MKD,North Macedonia,Urban,Biomass,0.75
MKD,North Macedonia,Urban,Charcoal,0.3
MKD,North Macedonia,Urban,Coal,0.38
MKD,North Macedonia,Urban,Electricity,0.11
MKD,North Macedonia,Urban,Gas,0.48
MKD,North Macedonia,Urban,Kerosene,0.34
MKD,North Macedonia,Urban,Total Clean,0.54
MKD,North Macedonia,Urban,Total Polluting,0.7
MKD,North Macedonia,Rural,Biomass,0.94
MKD,North Macedonia,Rural,Charcoal,0.35
MKD,North Macedonia,Rural,Coal,0.45
MKD,North Macedonia,Rural,Electricity,0.06
MKD,North Macedonia,Rural,Gas,0.39
MKD,North Macedonia,Rural,Kerosene,0.38
MKD,North Macedonia,Rural,Total Clean,0.4
MKD,North Macedonia,Rural,Total Polluting,0.84
MLI,Mali,Urban,Biomass,0.7
MLI,Mali,Urban,Charcoal,0.28
MLI,Mali,Urban,Coal,0.35
MLI,Mali,Urban,Electricity,0.1
MLI,Mali,Urban,Gas,0.45
MLI,Mali,Urban,Kerosene,0.32
MLI,Mali,Urban,Total Clean,0.5
MLI,Mali,Urban,Total Polluting,0.65
MLI,Mali,Rural,Biomass,0.88
MLI,Mali,Rural,Charcoal,0.32
MLI,Mali,Rural,Coal,0.42
MLI,Mali,Rural,Electricity,0.06
MLI,Mali,Rural,Gas,0.36
MLI,Mali,Rural,Kerosene,0.35
MLI,Mali,Rural,Total Clean,0.38
MLI,Mali,Rural,Total Polluting,0.78
MMR,Myanmar,Urban,Biomass,0.76
MMR,Myanmar,Urban,Charcoal,0.31
MMR,Myanmar,Urban,Coal,0.38
MMR,Myanmar,Urban,Electricity,0.11
MMR,Myanmar,Urban,Gas,0.49
MMR,Myanmar,Urban,Kerosene,0.35
MMR,Myanmar,Urban,Total Clean,0.55
MMR,Myanmar,Urban,Total Polluting,0.71
MMR,Myanmar,Rural,Biomass,0.95
MMR,Myanmar,Rural,Charcoal,0.35
MMR,Myanmar,Rural,Coal,0.46
MMR,Myanmar,Rural,Electricity,0.07
MMR,Myanmar,Rural,Gas,0.39
MMR,Myanmar,Rural,Kerosene,0.38
MMR,Myanmar,Rural,Total Clean,0.41
MMR,Myanmar,Rural,Total Polluting,0.85
MNE,Montenegro,Urban,Biomass,0.74
MNE,Montenegro,Urban,Charcoal,0.3
MNE,Montenegro,Urban,Coal,0.37
MNE,Montenegro,Urban,Electricity,0.11
MNE,Montenegro,Urban,Gas,0.48
MNE,Montenegro,Urban,Kerosene,0.34
MNE,Montenegro,Urban,Total Clean,0.53
MNE,Montenegro,Urban,Total Polluting,0.69
MNE,Montenegro,Rural,Biomass,0.92
MNE,Montenegro,Rural,Charcoal,0.34
MNE,Montenegro,Rural,Coal,0.44
MNE,Montenegro,Rural,Electricity,0.06
MNE,Montenegro,Rural,Gas,0.38
MNE,Montenegro,Rural,Kerosene,0.37
MNE,Montenegro,Rural,Total Clean,0.4
MNE,Montenegro,Rural,Total Polluting,0.82
MNG,Mongolia,Urban,Biomass,0.65
MNG,Mongolia,Urban,Charcoal,0.26
MNG,Mongolia,Urban,Coal,0.32
MNG,Mongolia,Urban,Electricity,0.09
MNG,Mongolia,Urban,Gas,0.42
MNG,Mongolia,Urban,Kerosene,0.3
MNG,Mongolia,Urban,Total Clean,0.46
MNG,Mongolia,Urban,Total Polluting,0.6
MNG,Mongolia,Rural,Biomass,0.81
MNG,Mongolia,Rural,Charcoal,0.3
MNG,Mongolia,Rural,Coal,0.39
MNG,Mongolia,Rural,Electricity,0.06
MNG,Mongolia,Rural,Gas,0.33
MNG,Mongolia,Rural,Kerosene,0.33
MNG,Mongolia,Rural,Total Clean,0.35
MNG,Mongolia,Rural,Total Polluting,0.72
MOZ,Mozambique,Urban,Biomass,0.64
MOZ,Mozambique,Urban,Charcoal,0.25
MOZ,Mozambique,Urban,Coal,0.32
MOZ,Mozambique,Urban,Electricity,0.09
MOZ,Mozambique,Urban,Gas,0.41
MOZ,Mozambique,Urban,Kerosene,0.29
MOZ,Mozambique,Urban,Total Clean,0.45
MOZ,Mozambique,Urban,Total Polluting,0.59
MOZ,Mozambique,Rural,Biomass,0.79
MOZ,Mozambique,Rural,Charcoal,0.29
MOZ,Mozambique,Rural,Coal,0.38
MOZ,Mozambique,Rural,Electricity,0.05
MOZ,Mozambique,Rural,Gas,0.33
MOZ,Mozambique,Rural,Kerosene,0.32
MOZ,Mozambique,Rural,Total Clean,0.34
MOZ,Mozambique,Rural,Total Polluting,0.71
MRT,Mauritania,Urban,Biomass,0.64
MRT,Mauritania,Urban,Charcoal,0.26
MRT,Mauritania,Urban,Coal,0.32
MRT,Mauritania,Urban,Electricity,0.09
MRT,Mauritania,Urban,Gas,0.41
MRT,Mauritania,Urban,Kerosene,0.29
MRT,Mauritania,Urban,Total Clean,0.46
MRT,Mauritania,Urban,Total Polluting,0.6
MRT,Mauritania,Rural,Biomass,0.8
MRT,Mauritania,Rural,Charcoal,0.3
MRT,Mauritania,Rural,Coal,0.39
MRT,Mauritania,Rural,Electricity,0.06
MRT,Mauritania,Rural,Gas,0.33
MRT,Mauritania,Rural,Kerosene,0.32
MRT,Mauritania,Rural,Total Clean,0.34
MRT,Mauritania,Rural,Total Polluting,0.72
MUS,Mauritius,Urban,Biomass,0.72
MUS,Mauritius,Urban,Charcoal,0.29
MUS,Mauritius,Urban,Coal,0.36
MUS,Mauritius,Urban,Electricity,0.1
MUS,Mauritius,Urban,Gas,0.46
MUS,Mauritius,Urban,Kerosene,0.33
MUS,Mauritius,Urban,Total Clean,0.51
MUS,Mauritius,Urban,Total Polluting,0.66
MUS,Mauritius,Rural,Biomass,0.9
MUS,Mauritius,Rural,Charcoal,0.33
MUS,Mauritius,Rural,Coal,0.43
MUS,Mauritius,Rural,Electricity,0.06
MUS,Mauritius,Rural,Gas,0.37
MUS,Mauritius,Rural,Kerosene,0.36
MUS,Mauritius,Rural,Total Clean,0.38
MUS,Mauritius,Rural,Total Polluting,0.8
MWI,Malawi,Urban,Biomass,0.67
MWI,Malawi,Urban,Charcoal,0.27
MWI,Malawi,Urban,Coal,0.34
MWI,Malawi,Urban,Electricity,0.1
MWI,Malawi,Urban,Gas,0.43
MWI,Malawi,Urban,Kerosene,0.31
MWI,Malawi,Urban,Total Clean,0.48
MWI,Malawi,Urban,Total Polluting,0.63
MWI,Malawi,Rural,Biomass,0.84
MWI,Malawi,Rural,Charcoal,0.31
MWI,Malawi,Rural,Coal,0.4
MWI,Malawi,Rural,Electricity,0.06
MWI,Malawi,Rural,Gas,0.35
MWI,Malawi,Rural,Kerosene,0.34
MWI,Malawi,Rural,Total Clean,0.36
MWI,Malawi,Rural,Total Polluting,0.75
MYS,Malaysia,Urban,Biomass,0.66
MYS,Malaysia,Urban,Charcoal,0.26
MYS,Malaysia,Urban,Coal,0.33
MYS,Malaysia,Urban,Electricity,0.09
MYS,Malaysia,Urban,Gas,0.42
MYS,Malaysia,Urban,Kerosene,0.3
MYS,Malaysia,Urban,Total Clean,0.47
MYS,Malaysia,Urban,Total Polluting,0.61
MYS,Malaysia,Rural,Biomass,0.83
MYS,Malaysia,Rural,Charcoal,0.3
MYS,Malaysia,Rural,Coal,0.4
MYS,Malaysia,Rural,Electricity,0.06
MYS,Malaysia,Rural,Gas,0.34
MYS,Malaysia,Rural,Kerosene,0.33
MYS,Malaysia,Rural,Total Clean,0.35
MYS,Malaysia,Rural,Total Polluting,0.74
NAM,Namibia,Urban,Biomass,0.71
NAM,Namibia,Urban,Charcoal,0.28
NAM,Namibia,Urban,Coal,0.35
NAM,Namibia,Urban,Electricity,0.1
NAM,Namibia,Urban,Gas,0.45
NAM,Namibia,Urban,Kerosene,0.32
NAM,Namibia,Urban,Total Clean,0.5
NAM,Namibia,Urban,Total Polluting,0.65
NAM,Namibia,Rural,Biomass,0.88
NAM,Namibia,Rural,Charcoal,0.32
NAM,Namibia,Rural,Coal,0.42
NAM,Namibia,Rural,Electricity,0.06
NAM,Namibia,Rural,Gas,0.36
NAM,Namibia,Rural,Kerosene,0.35
NAM,Namibia,Rural,Total Clean,0.38
NAM,Namibia,Rural,Total Polluting,0.79
NER,Niger,Urban,Biomass,0.73
NER,Niger,Urban,Charcoal,0.29
NER,Niger,Urban,Coal,0.36
NER,Niger,Urban,Electricity,0.1
NER,Niger,Urban,Gas,0.47
NER,Niger,Urban,Kerosene,0.33
NER,Niger,Urban,Total Clean,0.52
NER,Niger,Urban,Total Polluting,0.67
NER,Niger,Rural,Biomass,0.91
NER,Niger,Rural,Charcoal,0.33
NER,Niger,Rural,Coal,0.44
NER,Niger,Rural,Electricity,0.06
NER,Niger,Rural,Gas,0.37
NER,Niger,Rural,Kerosene,0.37
NER,Niger,Rural,Total Clean,0.39
NER,Niger,Rural,Total Polluting,0.81
NGA,Nigeria,Urban,Biomass,0.71
NGA,Nigeria,Urban,Charcoal,0.28
NGA,Nigeria,Urban,Coal,0.36
NGA,Nigeria,Urban,Electricity,0.1
NGA,Nigeria,Urban,Gas,0.46
NGA,Nigeria,Urban,Kerosene,0.32
NGA,Nigeria,Urban,Total Clean,0.51
NGA,Nigeria,Urban,Total Polluting,0.66
NGA,Nigeria,Rural,Biomass,0.89
NGA,Nigeria,Rural,Charcoal,0.33
NGA,Nigeria,Rural,Coal,0.43
NGA,Nigeria,Rural,Electricity,0.06
NGA,Nigeria,Rural,Gas,0.37
NGA,Nigeria,Rural,Kerosene,0.36
NGA,Nigeria,Rural,Total Clean,0.38
NGA,Nigeria,Rural,Total Polluting,0.79
NIC,Nicaragua,Urban,Biomass,0.76
NIC,Nicaragua,Urban,Charcoal,0.3
NIC,Nicaragua,Urban,Coal,0.38
NIC,Nicaragua,Urban,Electricity,0.11
NIC,Nicaragua,Urban,Gas,0.49
NIC,Nicaragua,Urban,Kerosene,0.35
NIC,Nicaragua,Urban,Total Clean,0.54
NIC,Nicaragua,Urban,Total Polluting,0.7
NIC,Nicaragua,Rural,Biomass,0.95
NIC,Nicaragua,Rural,Charcoal,0.35
NIC,Nicaragua,Rural,Coal,0.45
NIC,Nicaragua,Rural,Electricity,0.06
NIC,Nicaragua,Rural,Gas,0.39
NIC,Nicaragua,Rural,Kerosene,0.38
NIC,Nicaragua,Rural,Total Clean,0.41
NIC,Nicaragua,Rural,Total Polluting,0.84
NIU,Niue,Urban,Biomass,0.74
NIU,Niue,Urban,Charcoal,0.3
NIU,Niue,Urban,Coal,0.37
NIU,Niue,Urban,Electricity,0.11
NIU,Niue,Urban,Gas,0.47
NIU,Niue,Urban,Kerosene,0.34
NIU,Niue,Urban,Total Clean,0.53
NIU,Niue,Urban,Total Polluting,0.69
NIU,Niue,Rural,Biomass,0.92
NIU,Niue,Rural,Charcoal,0.34
NIU,Niue,Rural,Coal,0.44
NIU,Niue,Rural,Electricity,0.06
NIU,Niue,Rural,Gas,0.38
NIU,Niue,Rural,Kerosene,0.37
NIU,Niue,Rural,Total Clean,0.4
NIU,Niue,Rural,Total Polluting,0.82
NPL,Nepal,Urban,Biomass,0.72
NPL,Nepal,Urban,Charcoal,0.29
NPL,Nepal,Urban,Coal,0.36
NPL,Nepal,Urban,Electricity,0.1
NPL,Nepal,Urban,Gas,0.46
NPL,Nepal,Urban,Kerosene,0.33
NPL,Nepal,Urban,Total Clean,0.51
NPL,Nepal,Urban,Total Polluting,0.67
NPL,Nepal,Rural,Biomass,0.9
NPL,Nepal,Rural,Charcoal,0.33
NPL,Nepal,Rural,Coal,0.43
NPL,Nepal,Rural,Electricity,0.06
NPL,Nepal,Rural,Gas,0.37
NPL,Nepal,Rural,Kerosene,0.36
NPL,Nepal,Rural,Total Clean,0.38
NPL,Nepal,Rural,Total Polluting,0.8
PAK,Pakistan,Urban,Biomass,0.66
PAK,Pakistan,Urban,Charcoal,0.26
PAK,Pakistan,Urban,Coal,0.33
PAK,Pakistan,Urban,Electricity,0.09
PAK,Pakistan,Urban,Gas,0.42
PAK,Pakistan,Urban,Kerosene,0.3
PAK,Pakistan,Urban,Total Clean,0.47
PAK,Pakistan,Urban,Total Polluting,0.61
PAK,Pakistan,Rural,Biomass,0.82
PAK,Pakistan,Rural,Charcoal,0.3
PAK,Pakistan,Rural,Coal,0.4
PAK,Pakistan,Rural,Electricity,0.06
PAK,Pakistan,Rural,Gas,0.34
PAK,Pakistan,Rural,Kerosene,0.33
PAK,Pakistan,Rural,Total Clean,0.35
PAK,Pakistan,Rural,Total Polluting,0.73
PAN,Panama,Urban,Biomass,0.69
PAN,Panama,Urban,Charcoal,0.28
PAN,Panama,Urban,Coal,0.35
PAN,Panama,Urban,Electricity,0.1
PAN,Panama,Urban,Gas,0.45
PAN,Panama,Urban,Kerosene,0.32
PAN,Panama,Urban,Total Clean,0.5
PAN,Panama,Urban,Total Polluting,0.65
PAN,Panama,Rural,Biomass,0.87
PAN,Panama,Rural,Charcoal,0.32
PAN,Panama,Rural,Coal,0.42
PAN,Panama,Rural,Electricity,0.06
PAN,Panama,Rural,Gas,0.36
PAN,Panama,Rural,Kerosene,0.35
PAN,Panama,Rural,Total Clean,0.37
PAN,Panama,Rural,Total Polluting,0.77
PER,Peru,Urban,Biomass,0.69
PER,Peru,Urban,Charcoal,0.28
PER,Peru,Urban,Coal,0.35
PER,Peru,Urban,Electricity,0.1
PER,Peru,Urban,Gas,0.44
PER,Peru,Urban,Kerosene,0.32
PER,Peru,Urban,Total Clean,0.49
PER,Peru,Urban,Total Polluting,0.64
PER,Peru,Rural,Biomass,0.86
PER,Peru,Rural,Charcoal,0.32
PER,Peru,Rural,Coal,0.41
PER,Peru,Rural,Electricity,0.06
PER,Peru,Rural,Gas,0.36
PER,Peru,Rural,Kerosene,0.35
PER,Peru,Rural,Total Clean,0.37
PER,Peru,Rural,Total Polluting,0.77
PHL,Philippines,Urban,Biomass,0.71
PHL,Philippines,Urban,Charcoal,0.28
PHL,Philippines,Urban,Coal,0.35
PHL,Philippines,Urban,Electricity,0.1
PHL,Philippines,Urban,Gas,0.45
PHL,Philippines,Urban,Kerosene,0.32
PHL,Philippines,Urban,Total Clean,0.5
PHL,Philippines,Urban,Total Polluting,0.65
PHL,Philippines,Rural,Biomass,0.88
PHL,Philippines,Rural,Charcoal,0.32
PHL,Philippines,Rural,Coal,0.42
PHL,Philippines,Rural,Electricity,0.06
PHL,Philippines,Rural,Gas,0.36
PHL,Philippines,Rural,Kerosene,0.35
PHL,Philippines,Rural,Total Clean,0.38
PHL,Philippines,Rural,Total Polluting,0.79
PNG,Papua New Guinea,Urban,Biomass,0.64
PNG,Papua New Guinea,Urban,Charcoal,0.26
PNG,Papua New Guinea,Urban,Coal,0.32
PNG,Papua New Guinea,Urban,Electricity,0.09
PNG,Papua New Guinea,Urban,Gas,0.41
PNG,Papua New Guinea,Urban,Kerosene,0.29
PNG,Papua New Guinea,Urban,Total Clean,0.46
PNG,Papua New Guinea,Urban,Total Polluting,0.59
PNG,Papua New Guinea,Rural,Biomass,0.8
PNG,Papua New Guinea,Rural,Charcoal,0.29
PNG,Papua New Guinea,Rural,Coal,0.38
PNG,Papua New Guinea,Rural,Electricity,0.05
PNG,Papua New Guinea,Rural,Gas,0.33
PNG,Papua New Guinea,Rural,Kerosene,0.32
PNG,Papua New Guinea,Rural,Total Clean,0.34
PNG,Papua New Guinea,Rural,Total Polluting,0.71
PRK,Democratic People's Republic of Korea,Urban,Biomass,0.7
PRK,Democratic People's Republic of Korea,Urban,Charcoal,0.28
PRK,Democratic People's Republic of Korea,Urban,Coal,0.35
PRK,Democratic People's Republic of Korea,Urban,Electricity,0.1
PRK,Democratic People's Republic of Korea,Urban,Gas,0.45
PRK,Democratic People's Republic of Korea,Urban,Kerosene,0.32
PRK,Democratic People's Republic of Korea,Urban,Total Clean,0.5
PRK,Democratic People's Republic of Korea,Urban,Total Polluting,0.65
PRK,Democratic People's Republic of Korea,Rural,Biomass,0.88
PRK,Democratic People's Republic of Korea,Rural,Charcoal,0.32
PRK,Democratic People's Republic of Korea,Rural,Coal,0.42
PRK,Democratic People's Republic of Korea,Rural,Electricity,0.06
PRK,Democratic People's Republic of Korea,Rural,Gas,0.36
PRK,Democratic People's Republic of Korea,Rural,Kerosene,0.35
PRK,Democratic People's Republic of Korea,Rural,Total Clean,0.38
PRK,Democratic People's Republic of Korea,Rural,Total Polluting,0.78
PRY,Paraguay,Urban,Biomass,0.72
PRY,Paraguay,Urban,Charcoal,0.29
PRY,Paraguay,Urban,Coal,0.36
PRY,Paraguay,Urban,Electricity,0.1
PRY,Paraguay,Urban,Gas,0.46
PRY,Paraguay,Urban,Kerosene,0.33
PRY,Paraguay,Urban,Total Clean,0.51
PRY,Paraguay,Urban,Total Polluting,0.66
PRY,Paraguay,Rural,Biomass,0.89
PRY,Paraguay,Rural,Charcoal,0.33
PRY,Paraguay,Rural,Coal,0.43
PRY,Paraguay,Rural,Electricity,0.06
PRY,Paraguay,Rural,Gas,0.37
PRY,Paraguay,Rural,Kerosene,0.36
PRY,Paraguay,Rural,Total Clean,0.38
PRY,Paraguay,Rural,Total Polluting,0.8
ROU,Romania,Urban,Biomass,0.74
ROU,Romania,Urban,Charcoal,0.3
ROU,Romania,Urban,Coal,0.37
ROU,Romania,Urban,Electricity,0.11
ROU,Romania,Urban,Gas,0.48
ROU,Romania,Urban,Kerosene,0.34
ROU,Romania,Urban,Total Clean,0.53
ROU,Romania,Urban,Total Polluting,0.69
ROU,Romania,Rural,Biomass,0.93
ROU,Romania,Rural,Charcoal,0.34
ROU,Romania,Rural,Coal,0.45
ROU,Romania,Rural,Electricity,0.06
ROU,Romania,Rural,Gas,0.38
ROU,Romania,Rural,Kerosene,0.37
ROU,Romania,Rural,Total Clean,0.4
ROU,Romania,Rural,Total Polluting,0.83
RUS,Russian Federation,Urban,Biomass,0.7
RUS,Russian Federation,Urban,Charcoal,0.28
RUS,Russian Federation,Urban,Coal,0.35
RUS,Russian Federation,Urban,Electricity,0.1
RUS,Russian Federation,Urban,Gas,0.45
RUS,Russian Federation,Urban,Kerosene,0.32
RUS,Russian Federation,Urban,Total Clean,0.5
RUS,Russian Federation,Urban,Total Polluting,0.65
RUS,Russian Federation,Rural,Biomass,0.87
RUS,Russian Federation,Rural,Charcoal,0.32
RUS,Russian Federation,Rural,Coal,0.42
RUS,Russian Federation,Rural,Electricity,0.06
RUS,Russian Federation,Rural,Gas,0.36
RUS,Russian Federation,Rural,Kerosene,0.35
RUS,Russian Federation,Rural,Total Clean,0.37
RUS,Russian Federation,Rural,Total Polluting,0.78
RWA,Rwanda,Urban,Biomass,0.67
RWA,Rwanda,Urban,Charcoal,0.27
RWA,Rwanda,Urban,Coal,0.33
RWA,Rwanda,Urban,Electricity,0.1
RWA,Rwanda,Urban,Gas,0.43
RWA,Rwanda,Urban,Kerosene,0.3
RWA,Rwanda,Urban,Total Clean,0.48
RWA,Rwanda,Urban,Total Polluting,0.62
RWA,Rwanda,Rural,Biomass,0.83
RWA,Rwanda,Rural,Charcoal,0.31
RWA,Rwanda,Rural,Coal,0.4
RWA,Rwanda,Rural,Electricity,0.06
RWA,Rwanda,Rural,Gas,0.34
RWA,Rwanda,Rural,Kerosene,0.33
RWA,Rwanda,Rural,Total Clean,0.36
RWA,Rwanda,Rural,Total Polluting,0.74
SDN,Sudan,Urban,Biomass,0.73
SDN,Sudan,Urban,Charcoal,0.29
SDN,Sudan,Urban,Coal,0.36
SDN,Sudan,Urban,Electricity,0.1
SDN,Sudan,Urban,Gas,0.47
SDN,Sudan,Urban,Kerosene,0.33
SDN,Sudan,Urban,Total Clean,0.52
SDN,Sudan,Urban,Total Polluting,0.67
SDN,Sudan,Rural,Biomass,0.91
SDN,Sudan,Rural,Charcoal,0.33
SDN,Sudan,Rural,Coal,0.44
SDN,Sudan,Rural,Electricity,0.06
SDN,Sudan,Rural,Gas,0.37
SDN,Sudan,Rural,Kerosene,0.37
SDN,Sudan,Rural,Total Clean,0.39
SDN,Sudan,Rural,Total Polluting,0.81
SEN,Senegal,Urban,Biomass,0.77
SEN,Senegal,Urban,Charcoal,0.31
SEN,Senegal,Urban,Coal,0.38
SEN,Senegal,Urban,Electricity,0.11
SEN,Senegal,Urban,Gas,0.49
SEN,Senegal,Urban,Kerosene,0.35
SEN,Senegal,Urban,Total Clean,0.55
SEN,Senegal,Urban,Total Polluting,0.71
SEN,Senegal,Rural,Biomass,0.96
SEN,Senegal,Rural,Charcoal,0.35
SEN,Senegal,Rural,Coal,0.46
SEN,Senegal,Rural,Electricity,0.07
SEN,Senegal,Rural,Gas,0.4
SEN,Senegal,Rural,Kerosene,0.39
SEN,Senegal,Rural,Total Clean,0.41
SEN,Senegal,Rural,Total Polluting,0.86
SLB,Solomon Islands,Urban,Biomass,0.74
SLB,Solomon Islands,Urban,Charcoal,0.3
SLB,Solomon Islands,Urban,Coal,0.37
SLB,Solomon Islands,Urban,Electricity,0.11
SLB,Solomon Islands,Urban,Gas,0.48
SLB,Solomon Islands,Urban,Kerosene,0.34
SLB,Solomon Islands,Urban,Total Clean,0.53
SLB,Solomon Islands,Urban,Total Polluting,0.69
SLB,Solomon Islands,Rural,Biomass,0.93
SLB,Solomon Islands,Rural,Charcoal,0.34
SLB,Solomon Islands,Rural,Coal,0.44
SLB,Solomon Islands,Rural,Electricity,0.06
SLB,Solomon Islands,Rural,Gas,0.38
SLB,Solomon Islands,Rural,Kerosene,0.37
SLB,Solomon Islands,Rural,Total Clean,0.4
SLB,Solomon Islands,Rural,Total Polluting,0.83
SLE,Sierra Leone,Urban,Biomass,0.72
SLE,Sierra Leone,Urban,Charcoal,0.29
SLE,Sierra Leone,Urban,Coal,0.36
SLE,Sierra Leone,Urban,Electricity,0.1
SLE,Sierra Leone,Urban,Gas,0.47
SLE,Sierra Leone,Urban,Kerosene,0.33
SLE,Sierra Leone,Urban,Total Clean,0.52
SLE,Sierra Leone,Urban,Total Polluting,0.67
SLE,Sierra Leone,Rural,Biomass,0.9
SLE,Sierra Leone,Rural,Charcoal,0.33
SLE,Sierra Leone,Rural,Coal,0.43
SLE,Sierra Leone,Rural,Electricity,0.06
SLE,Sierra Leone,Rural,Gas,0.37
SLE,Sierra Leone,Rural,Kerosene,0.36
SLE,Sierra Leone,Rural,Total Clean,0.39
SLE,Sierra Leone,Rural,Total Polluting,0.81
SLV,El Salvador,Urban,Biomass,0.7
SLV,El Salvador,Urban,Charcoal,0.28
SLV,El Salvador,Urban,Coal,0.35
SLV,El Salvador,Urban,Electricity,0.1
SLV,El Salvador,Urban,Gas,0.45
SLV,El Salvador,Urban,Kerosene,0.32
SLV,El Salvador,Urban,Total Clean,0.5
SLV,El Salvador,Urban,Total Polluting,0.65
SLV,El Salvador,Rural,Biomass,0.87
SLV,El Salvador,Rural,Charcoal,0.32
SLV,El Salvador,Rural,Coal,0.42
SLV,El Salvador,Rural,Electricity,0.06
SLV,El Salvador,Rural,Gas,0.36
SLV,El Salvador,Rural,Kerosene,0.35
SLV,El Salvador,Rural,Total Clean,0.37
SLV,El Salvador,Rural,Total Polluting,0.78
SOM,Somalia,Urban,Biomass,0.69
SOM,Somalia,Urban,Charcoal,0.28
SOM,Somalia,Urban,Coal,0.34
SOM,Somalia,Urban,Electricity,0.1
SOM,Somalia,Urban,Gas,0.44
SOM,Somalia,Urban,Kerosene,0.32
SOM,Somalia,Urban,Total Clean,0.49
SOM,Somalia,Urban,Total Polluting,0.64
SOM,Somalia,Rural,Biomass,0.86
SOM,Somalia,Rural,Charcoal,0.32
SOM,Somalia,Rural,Coal,0.41
SOM,Somalia,Rural,Electricity,0.06
SOM,Somalia,Rural,Gas,0.35
SOM,Somalia,Rural,Kerosene,0.35
SOM,Somalia,Rural,Total Clean,0.37
SOM,Somalia,Rural,Total Polluting,0.77
SRB,Serbia,Urban,Biomass,0.71
SRB,Serbia,Urban,Charcoal,0.29
SRB,Serbia,Urban,Coal,0.36
SRB,Serbia,Urban,Electricity,0.1
SRB,Serbia,Urban,Gas,0.46
SRB,Serbia,Urban,Kerosene,0.33
SRB,Serbia,Urban,Total Clean,0.51
SRB,Serbia,Urban,Total Polluting,0.66
SRB,Serbia,Rural,Biomass,0.89
SRB,Serbia,Rural,Charcoal,0.33
SRB,Serbia,Rural,Coal,0.43
SRB,Serbia,Rural,Electricity,0.06
SRB,Serbia,Rural,Gas,0.37
SRB,Serbia,Rural,Kerosene,0.36
SRB,Serbia,Rural,Total Clean,0.38
SRB,Serbia,Rural,Total Polluting,0.8
SSD,South Sudan,Urban,Biomass,0.68
SSD,South Sudan,Urban,Charcoal,0.27
SSD,South Sudan,Urban,Coal,0.34
SSD,South Sudan,Urban,Electricity,0.1
SSD,South Sudan,Urban,Gas,0.44
SSD,South Sudan,Urban,Kerosene,0.31
SSD,South Sudan,Urban,Total Clean,0.48
SSD,South Sudan,Urban,Total Polluting,0.63
SSD,South Sudan,Rural,Biomass,0.85
SSD,South Sudan,Rural,Charcoal,0.31
SSD,South Sudan,Rural,Coal,0.41
SSD,South Sudan,Rural,Electricity,0.06
SSD,South Sudan,Rural,Gas,0.35
SSD,South Sudan,Rural,Kerosene,0.34
SSD,South Sudan,Rural,Total Clean,0.36
SSD,South Sudan,Rural,Total Polluting,0.76
STP,Sao Tome and Principe,Urban,Biomass,0.63
STP,Sao Tome and Principe,Urban,Charcoal,0.25
STP,Sao Tome and Principe,Urban,Coal,0.32
STP,Sao Tome and Principe,Urban,Electricity,0.09
STP,Sao Tome and Principe,Urban,Gas,0.41
STP,Sao Tome and Principe,Urban,Kerosene,0.29
STP,Sao Tome and Principe,Urban,Total Clean,0.45
STP,Sao Tome and Principe,Urban,Total Polluting,0.59
STP,Sao Tome and Principe,Rural,Biomass,0.79
STP,Sao Tome and Principe,Rural,Charcoal,0.29
STP,Sao Tome and Principe,Rural,Coal,0.38
STP,Sao Tome and Principe,Rural,Electricity,0.05
STP,Sao Tome and Principe,Rural,Gas,0.33
STP,Sao Tome and Principe,Rural,Kerosene,0.32
STP,Sao Tome and Principe,Rural,Total Clean,0.34
STP,Sao Tome and Principe,Rural,Total Polluting,0.71
SUR,Suriname,Urban,Biomass,0.71
SUR,Suriname,Urban,Charcoal,0.29
SUR,Suriname,Urban,Coal,0.36
SUR,Suriname,Urban,Electricity,0.1
SUR,Suriname,Urban,Gas,0.46
SUR,Suriname,Urban,Kerosene,0.33
SUR,Suriname,Urban,Total Clean,0.51
SUR,Suriname,Urban,Total Polluting,0.66
SUR,Suriname,Rural,Biomass,0.89
SUR,Suriname,Rural,Charcoal,0.33
SUR,Suriname,Rural,Coal,0.43
SUR,Suriname,Rural,Electricity,0.06
SUR,Suriname,Rural,Gas,0.37
SUR,Suriname,Rural,Kerosene,0.36
SUR,Suriname,Rural,Total Clean,0.38
SUR,Suriname,Rural,Total Polluting,0.79
SWZ,Eswatini,Urban,Biomass,0.65
SWZ,Eswatini,Urban,Charcoal,0.26
SWZ,Eswatini,Urban,Coal,0.33
SWZ,Eswatini,Urban,Electricity,0.09
SWZ,Eswatini,Urban,Gas,0.42
SWZ,Eswatini,Urban,Kerosene,0.3
SWZ,Eswatini,Urban,Total Clean,0.46
SWZ,Eswatini,Urban,Total Polluting,0.6
SWZ,Eswatini,Rural,Biomass,0.81
SWZ,Eswatini,Rural,Charcoal,0.3
SWZ,Eswatini,Rural,Coal,0.39
SWZ,Eswatini,Rural,Electricity,0.06
SWZ,Eswatini,Rural,Gas,0.33
SWZ,Eswatini,Rural,Kerosene,0.33
SWZ,Eswatini,Rural,Total Clean,0.35
SWZ,Eswatini,Rural,Total Polluting,0.73
SYR,Syrian Arab Republic,Urban,Biomass,0.74
SYR,Syrian Arab Republic,Urban,Charcoal,0.3
SYR,Syrian Arab Republic,Urban,Coal,0.37
SYR,Syrian Arab Republic,Urban,Electricity,0.11
SYR,Syrian Arab Republic,Urban,Gas,0.48
SYR,Syrian Arab Republic,Urban,Kerosene,0.34
SYR,Syrian Arab Republic,Urban,Total Clean,0.53
SYR,Syrian Arab Republic,Urban,Total Polluting,0.69
SYR,Syrian Arab Republic,Rural,Biomass,0.93
SYR,Syrian Arab Republic,Rural,Charcoal,0.34
SYR,Syrian Arab Republic,Rural,Coal,0.45
SYR,Syrian Arab Republic,Rural,Electricity,0.06
SYR,Syrian Arab Republic,Rural,Gas,0.38
SYR,Syrian Arab Republic,Rural,Kerosene,0.37
SYR,Syrian Arab Republic,Rural,Total Clean,0.4
SYR,Syrian Arab Republic,Rural,Total Polluting,0.83
TCD,Chad,Urban,Biomass,0.74
TCD,Chad,Urban,Charcoal,0.3
TCD,Chad,Urban,Coal,0.37
TCD,Chad,Urban,Electricity,0.11
TCD,Chad,Urban,Gas,0.48
TCD,Chad,Urban,Kerosene,0.34
TCD,Chad,Urban,Total Clean,0.53
TCD,Chad,Urban,Total Polluting,0.69
TCD,Chad,Rural,Biomass,0.93
TCD,Chad,Rural,Charcoal,0.34
TCD,Chad,Rural,Coal,0.45
TCD,Chad,Rural,Electricity,0.06
TCD,Chad,Rural,Gas,0.38
TCD,Chad,Rural,Kerosene,0.37
TCD,Chad,Rural,Total Clean,0.4
TCD,Chad,Rural,Total Polluting,0.83
TGO,Togo,Urban,Biomass,0.65
TGO,Togo,Urban,Charcoal,0.26
TGO,Togo,Urban,Coal,0.33
TGO,Togo,Urban,Electricity,0.09
TGO,Togo,Urban,Gas,0.42
TGO,Togo,Urban,Kerosene,0.3
TGO,Togo,Urban,Total Clean,0.47
TGO,Togo,Urban,Total Polluting,0.6
TGO,Togo,Rural,Biomass,0.81
TGO,Togo,Rural,Charcoal,0.3
TGO,Togo,Rural,Coal,0.39
TGO,Togo,Rural,Electricity,0.06
TGO,Togo,Rural,Gas,0.34
TGO,Togo,Rural,Kerosene,0.33
TGO,Togo,Rural,Total Clean,0.35
TGO,Togo,Rural,Total Polluting,0.73
THA,Thailand,Urban,Biomass,0.7
THA,Thailand,Urban,Charcoal,0.28
THA,Thailand,Urban,Coal,0.35
THA,Thailand,Urban,Electricity,0.1
THA,Thailand,Urban,Gas,0.45
THA,Thailand,Urban,Kerosene,0.32
THA,Thailand,Urban,Total Clean,0.5
THA,Thailand,Urban,Total Polluting,0.65
THA,Thailand,Rural,Biomass,0.87
THA,Thailand,Rural,Charcoal,0.32
THA,Thailand,Rural,Coal,0.42
THA,Thailand,Rural,Electricity,0.06
THA,Thailand,Rural,Gas,0.36
THA,Thailand,Rural,Kerosene,0.35
THA,Thailand,Rural,Total Clean,0.37
THA,Thailand,Rural,Total Polluting,0.78
TJK,Tajikistan,Urban,Biomass,0.7
TJK,Tajikistan,Urban,Charcoal,0.28
TJK,Tajikistan,Urban,Coal,0.35
TJK,Tajikistan,Urban,Electricity,0.1
TJK,Tajikistan,Urban,Gas,0.45
TJK,Tajikistan,Urban,Kerosene,0.32
TJK,Tajikistan,Urban,Total Clean,0.5
TJK,Tajikistan,Urban,Total Polluting,0.65
TJK,Tajikistan,Rural,Biomass,0.87
TJK,Tajikistan,Rural,Charcoal,0.32
TJK,Tajikistan,Rural,Coal,0.42
TJK,Tajikistan,Rural,Electricity,0.06
TJK,Tajikistan,Rural,Gas,0.36
TJK,Tajikistan,Rural,Kerosene,0.35
TJK,Tajikistan,Rural,Total Clean,0.37
TJK,Tajikistan,Rural,Total Polluting,0.78
TKM,Turkmenistan,Urban,Biomass,0.74
TKM,Turkmenistan,Urban,Charcoal,0.29
TKM,Turkmenistan,Urban,Coal,0.37
TKM,Turkmenistan,Urban,Electricity,0.11
TKM,Turkmenistan,Urban,Gas,0.47
TKM,Turkmenistan,Urban,Kerosene,0.34
TKM,Turkmenistan,Urban,Total Clean,0.53
TKM,Turkmenistan,Urban,Total Polluting,0.68
TKM,Turkmenistan,Rural,Biomass,0.92
TKM,Turkmenistan,Rural,Charcoal,0.34
TKM,Turkmenistan,Rural,Coal,0.44
TKM,Turkmenistan,Rural,Electricity,0.06
TKM,Turkmenistan,Rural,Gas,0.38
TKM,Turkmenistan,Rural,Kerosene,0.37
TKM,Turkmenistan,Rural,Total Clean,0.39
TKM,Turkmenistan,Rural,Total Polluting,0.82
TLS,Timor-Leste,Urban,Biomass,0.74
TLS,Timor-Leste,Urban,Charcoal,0.3
TLS,Timor-Leste,Urban,Coal,0.37
TLS,Timor-Leste,Urban,Electricity,0.11
TLS,Timor-Leste,Urban,Gas,0.48
TLS,Timor-Leste,Urban,Kerosene,0.34
TLS,Timor-Leste,Urban,Total Clean,0.53
TLS,Timor-Leste,Urban,Total Polluting,0.69
TLS,Timor-Leste,Rural,Biomass,0.93
TLS,Timor-Leste,Rural,Charcoal,0.34
TLS,Timor-Leste,Rural,Coal,0.45
TLS,Timor-Leste,Rural,Electricity,0.06
TLS,Timor-Leste,Rural,Gas,0.38
TLS,Timor-Leste,Rural,Kerosene,0.37
TLS,Timor-Leste,Rural,Total Clean,0.4
TLS,Timor-Leste,Rural,Total Polluting,0.83
TON,Tonga,Urban,Biomass,0.68
TON,Tonga,Urban,Charcoal,0.27
TON,Tonga,Urban,Coal,0.34
TON,Tonga,Urban,Electricity,0.1
TON,Tonga,Urban,Gas,0.44
TON,Tonga,Urban,Kerosene,0.31
TON,Tonga,Urban,Total Clean,0.49
TON,Tonga,Urban,Total Polluting,0.63
TON,Tonga,Rural,Biomass,0.85
TON,Tonga,Rural,Charcoal,0.31
TON,Tonga,Rural,Coal,0.41
TON,Tonga,Rural,Electricity,0.06
TON,Tonga,Rural,Gas,0.35
TON,Tonga,Rural,Kerosene,0.34
TON,Tonga,Rural,Total Clean,0.37
TON,Tonga,Rural,Total Polluting,0.76
TUN,Tunisia,Urban,Biomass,0.73
TUN,Tunisia,Urban,Charcoal,0.29
TUN,Tunisia,Urban,Coal,0.37
TUN,Tunisia,Urban,Electricity,0.1
TUN,Tunisia,Urban,Gas,0.47
TUN,Tunisia,Urban,Kerosene,0.34
TUN,Tunisia,Urban,Total Clean,0.52
TUN,Tunisia,Urban,Total Polluting,0.68
TUN,Tunisia,Rural,Biomass,0.92
TUN,Tunisia,Rural,Charcoal,0.34
TUN,Tunisia,Rural,Coal,0.44
TUN,Tunisia,Rural,Electricity,0.06
TUN,Tunisia,Rural,Gas,0.38
TUN,Tunisia,Rural,Kerosene,0.37
TUN,Tunisia,Rural,Total Clean,0.39
TUN,Tunisia,Rural,Total Polluting,0.82
TUR,Turkey,Urban,Biomass,0.64
TUR,Turkey,Urban,Charcoal,0.26
TUR,Turkey,Urban,Coal,0.32
TUR,Turkey,Urban,Electricity,0.09
TUR,Turkey,Urban,Gas,0.41
TUR,Turkey,Urban,Kerosene,0.29
TUR,Turkey,Urban,Total Clean,0.46
TUR,Turkey,Urban,Total Polluting,0.59
TUR,Turkey,Rural,Biomass,0.8
TUR,Turkey,Rural,Charcoal,0.29
TUR,Turkey,Rural,Coal,0.38
TUR,Turkey,Rural,Electricity,0.05
TUR,Turkey,Rural,Gas,0.33
TUR,Turkey,Rural,Kerosene,0.32
TUR,Turkey,Rural,Total Clean,0.34
TUR,Turkey,Rural,Total Polluting,0.71
TUV,Tuvalu,Urban,Biomass,0.73
TUV,Tuvalu,Urban,Charcoal,0.29
TUV,Tuvalu,Urban,Coal,0.36
TUV,Tuvalu,Urban,Electricity,0.1
TUV,Tuvalu,Urban,Gas,0.47
TUV,Tuvalu,Urban,Kerosene,0.33
TUV,Tuvalu,Urban,Total Clean,0.52
TUV,Tuvalu,Urban,Total Polluting,0.67
TUV,Tuvalu,Rural,Biomass,0.91
TUV,Tuvalu,Rural,Charcoal,0.33
TUV,Tuvalu,Rural,Coal,0.44
TUV,Tuvalu,Rural,Electricity,0.06
TUV,Tuvalu,Rural,Gas,0.37
TUV,Tuvalu,Rural,Kerosene,0.36
TUV,Tuvalu,Rural,Total Clean,0.39
TUV,Tuvalu,Rural,Total Polluting,0.81
TZA,United Republic of Tanzania,Urban,Biomass,0.68
TZA,United Republic of Tanzania,Urban,Charcoal,0.27
TZA,United Republic of Tanzania,Urban,Coal,0.34
TZA,United Republic of Tanzania,Urban,Electricity,0.1
TZA,United Republic of Tanzania,Urban,Gas,0.43
TZA,United Republic of Tanzania,Urban,Kerosene,0.31
TZA,United Republic of Tanzania,Urban,Total Clean,0.48
TZA,United Republic of Tanzania,Urban,Total Polluting,0.63
TZA,United Republic of Tanzania,Rural,Biomass,0.84
TZA,United Republic of Tanzania,Rural,Charcoal,0.31
TZA,United Republic of Tanzania,Rural,Coal,0.41
TZA,United Republic of Tanzania,Rural,Electricity,0.06
TZA,United Republic of Tanzania,Rural,Gas,0.35
TZA,United Republic of Tanzania,Rural,Kerosene,0.34
TZA,United Republic of Tanzania,Rural,Total Clean,0.36
TZA,United Republic of Tanzania,Rural,Total Polluting,0.75
UGA,Uganda,Urban,Biomass,0.68
UGA,Uganda,Urban,Charcoal,0.27
UGA,Uganda,Urban,Coal,0.34
UGA,Uganda,Urban,Electricity,0.1
UGA,Uganda,Urban,Gas,0.44
UGA,Uganda,Urban,Kerosene,0.31
UGA,Uganda,Urban,Total Clean,0.49
UGA,Uganda,Urban,Total Polluting,0.63
UGA,Uganda,Rural,Biomass,0.85
UGA,Uganda,Rural,Charcoal,0.31
UGA,Uganda,Rural,Coal,0.41
UGA,Uganda,Rural,Electricity,0.06
UGA,Uganda,Rural,Gas,0.35
UGA,Uganda,Rural,Kerosene,0.34
UGA,Uganda,Rural,Total Clean,0.37
UGA,Uganda,Rural,Total Polluting,0.76
UKR,Ukraine,Urban,Biomass,0.68
UKR,Ukraine,Urban,Charcoal,0.27
UKR,Ukraine,Urban,Coal,0.34
UKR,Ukraine,Urban,Electricity,0.1
UKR,Ukraine,Urban,Gas,0.44
UKR,Ukraine,Urban,Kerosene,0.31
UKR,Ukraine,Urban,Total Clean,0.48
UKR,Ukraine,Urban,Total Polluting,0.63
UKR,Ukraine,Rural,Biomass,0.85
UKR,Ukraine,Rural,Charcoal,0.31
UKR,Ukraine,Rural,Coal,0.41
UKR,Ukraine,Rural,Electricity,0.06
UKR,Ukraine,Rural,Gas,0.35
UKR,Ukraine,Rural,Kerosene,0.34
UKR,Ukraine,Rural,Total Clean,0.36
UKR,Ukraine,Rural,Total Polluting,0.75
UZB,Uzbekistan,Urban,Biomass,0.67
UZB,Uzbekistan,Urban,Charcoal,0.27
UZB,Uzbekistan,Urban,Coal,0.34
UZB,Uzbekistan,Urban,Electricity,0.1
UZB,Uzbekistan,Urban,Gas,0.43
UZB,Uzbekistan,Urban,Kerosene,0.31
UZB,Uzbekistan,Urban,Total Clean,0.48
UZB,Uzbekistan,Urban,Total Polluting,0.62
UZB,Uzbekistan,Rural,Biomass,0.84
UZB,Uzbekistan,Rural,Charcoal,0.31
UZB,Uzbekistan,Rural,Coal,0.4
UZB,Uzbekistan,Rural,Electricity,0.06
UZB,Uzbekistan,Rural,Gas,0.35
UZB,Uzbekistan,Rural,Kerosene,0.34
UZB,Uzbekistan,Rural,Total Clean,0.36
UZB,Uzbekistan,Rural,Total Polluting,0.75
VCT,Saint Vincent and the Grenadines,Urban,Biomass,0.72
VCT,Saint Vincent and the Grenadines,Urban,Charcoal,0.29
VCT,Saint Vincent and the Grenadines,Urban,Coal,0.36
VCT,Saint Vincent and the Grenadines,Urban,Electricity,0.1
VCT,Saint Vincent and the Grenadines,Urban,Gas,0.46
VCT,Saint Vincent and the Grenadines,Urban,Kerosene,0.33
VCT,Saint Vincent and the Grenadines,Urban,Total Clean,0.51
VCT,Saint Vincent and the Grenadines,Urban,Total Polluting,0.67
VCT,Saint Vincent and the Grenadines,Rural,Biomass,0.9
VCT,Saint Vincent and the Grenadines,Rural,Charcoal,0.33
VCT,Saint Vincent and the Grenadines,Rural,Coal,0.43
VCT,Saint Vincent and the Grenadines,Rural,Electricity,0.06
VCT,Saint Vincent and the Grenadines,Rural,Gas,0.37
VCT,Saint Vincent and the Grenadines,Rural,Kerosene,0.36
VCT,Saint Vincent and the Grenadines,Rural,Total Clean,0.39
VCT,Saint Vincent and the Grenadines,Rural,Total Polluting,0.8
VNM,Viet Nam,Urban,Biomass,0.75
VNM,Viet Nam,Urban,Charcoal,0.3
VNM,Viet Nam,Urban,Coal,0.37
VNM,Viet Nam,Urban,Electricity,0.11
VNM,Viet Nam,Urban,Gas,0.48
VNM,Viet Nam,Urban,Kerosene,0.34
VNM,Viet Nam,Urban,Total Clean,0.53
VNM,Viet Nam,Urban,Total Polluting,0.7
VNM,Viet Nam,Rural,Biomass,0.94
VNM,Viet Nam,Rural,Charcoal,0.34
VNM,Viet Nam,Rural,Coal,0.45
VNM,Viet Nam,Rural,Electricity,0.06
VNM,Viet Nam,Rural,Gas,0.39
VNM,Viet Nam,Rural,Kerosene,0.38
VNM,Viet Nam,Rural,Total Clean,0.4
VNM,Viet Nam,Rural,Total Polluting,0.83
VUT,Vanuatu,Urban,Biomass,0.69
VUT,Vanuatu,Urban,Charcoal,0.28
VUT,Vanuatu,Urban,Coal,0.34
VUT,Vanuatu,Urban,Electricity,0.1
VUT,Vanuatu,Urban,Gas,0.44
VUT,Vanuatu,Urban,Kerosene,0.32
VUT,Vanuatu,Urban,Total Clean,0.49
VUT,Vanuatu,Urban,Total Polluting,0.64
VUT,Vanuatu,Rural,Biomass,0.86
VUT,Vanuatu,Rural,Charcoal,0.32
VUT,Vanuatu,Rural,Coal,0.41
VUT,Vanuatu,Rural,Electricity,0.06
VUT,Vanuatu,Rural,Gas,0.35
VUT,Vanuatu,Rural,Kerosene,0.35
VUT,Vanuatu,Rural,Total Clean,0.37
VUT,Vanuatu,Rural,Total Polluting,0.77
WSM,Samoa,Urban,Biomass,0.63
WSM,Samoa,Urban,Charcoal,0.25
WSM,Samoa,Urban,Coal,0.32
WSM,Samoa,Urban,Electricity,0.09
WSM,Samoa,Urban,Gas,0.41
WSM,Samoa,Urban,Kerosene,0.29
WSM,Samoa,Urban,Total Clean,0.45
WSM,Samoa,Urban,Total Polluting,0.59
WSM,Samoa,Rural,Biomass,0.79
WSM,Samoa,Rural,Charcoal,0.29
WSM,Samoa,Rural,Coal,0.38
WSM,Samoa,Rural,Electricity,0.05
WSM,Samoa,Rural,Gas,0.33
WSM,Samoa,Rural,Kerosene,0.32
WSM,Samoa,Rural,Total Clean,0.34
WSM,Samoa,Rural,Total Polluting,0.71
YEM,Yemen,Urban,Biomass,0.72
YEM,Yemen,Urban,Charcoal,0.29
YEM,Yemen,Urban,Coal,0.36
YEM,Yemen,Urban,Electricity,0.1
YEM,Yemen,Urban,Gas,0.46
YEM,Yemen,Urban,Kerosene,0.33
YEM,Yemen,Urban,Total Clean,0.51
YEM,Yemen,Urban,Total Polluting,0.66
YEM,Yemen,Rural,Biomass,0.89
YEM,Yemen,Rural,Charcoal,0.33
YEM,Yemen,Rural,Coal,0.43
YEM,Yemen,Rural,Electricity,0.06
YEM,Yemen,Rural,Gas,0.37
YEM,Yemen,Rural,Kerosene,0.36
YEM,Yemen,Rural,Total Clean,0.38
YEM,Yemen,Rural,Total Polluting,0.8
ZAF,South Africa,Urban,Biomass,0.74
ZAF,South Africa,Urban,Charcoal,0.3
ZAF,South Africa,Urban,Coal,0.37
ZAF,South Africa,Urban,Electricity,0.11
ZAF,South Africa,Urban,Gas,0.48
ZAF,South Africa,Urban,Kerosene,0.34
ZAF,South Africa,Urban,Total Clean,0.53
ZAF,South Africa,Urban,Total Polluting,0.69
ZAF,South Africa,Rural,Biomass,0.92
ZAF,South Africa,Rural,Charcoal,0.34
ZAF,South Africa,Rural,Coal,0.44
ZAF,South Africa,Rural,Electricity,0.06
ZAF,South Africa,Rural,Gas,0.38
ZAF,South Africa,Rural,Kerosene,0.37
ZAF,South Africa,Rural,Total Clean,0.4
ZAF,South Africa,Rural,Total Polluting,0.82
ZMB,Zambia,Urban,Biomass,0.69
ZMB,Zambia,Urban,Charcoal,0.28
ZMB,Zambia,Urban,Coal,0.35
ZMB,Zambia,Urban,Electricity,0.1
ZMB,Zambia,Urban,Gas,0.45
ZMB,Zambia,Urban,Kerosene,0.32
ZMB,Zambia,Urban,Total Clean,0.5
ZMB,Zambia,Urban,Total Polluting,0.64
ZMB,Zambia,Rural,Biomass,0.87
ZMB,Zambia,Rural,Charcoal,0.32
ZMB,Zambia,Rural,Coal,0.42
ZMB,Zambia,Rural,Electricity,0.06
ZMB,Zambia,Rural,Gas,0.36
ZMB,Zambia,Rural,Kerosene,0.35
ZMB,Zambia,Rural,Total Clean,0.37
ZMB,Zambia,Rural,Total Polluting,0.77
ZWE,Zimbabwe,Urban,Biomass,0.65
ZWE,Zimbabwe,Urban,Charcoal,0.26
ZWE,Zimbabwe,Urban,Coal,0.33
ZWE,Zimbabwe,Urban,Electricity,0.09
ZWE,Zimbabwe,Urban,Gas,0.42
ZWE,Zimbabwe,Urban,Kerosene,0.3
ZWE,Zimbabwe,Urban,Total Clean,0.47
ZWE,Zimbabwe,Urban,Total Polluting,0.61
ZWE,Zimbabwe,Rural,Biomass,0.82
ZWE,Zimbabwe,Rural,Charcoal,0.3
ZWE,Zimbabwe,Rural,Coal,0.39
ZWE,Zimbabwe,Rural,Electricity,0.06
ZWE,Zimbabwe,Rural,Gas,0.34
ZWE,Zimbabwe,Rural,Kerosene,0.33
ZWE,Zimbabwe,Rural,Total Clean,0.35
ZWE,Zimbabwe,Rural,Total Polluting,0.73
